ID Number,Preferred Pronouns,Current Grade Level,Program,First Paying Job,Know employee,Applied Before,Comfortable speaking to crowd,Uncomfortable with,Extra activities,Commit Summer,Commit Weekday,Hear about source,Application Year,Current Age,Rejected,EECode,EarnHours,EarnRate,EarnAmount,Dist Position Desc,Year,Month
1489.0,masculine,9.0,zoocamp,1,0,0,1.0,invertebrates,0,yes,yes,other,2022,,0,1489.0,5.5,13.0,71.5,WILD Steward,2022.0,4.0
1489.0,masculine,9.0,zoocamp,1,0,0,1.0,invertebrates,0,yes,yes,other,2022,,0,1489.0,14.47,13.0,188.11,WILD Steward,2022.0,5.0
1489.0,masculine,9.0,zoocamp,1,0,0,1.0,invertebrates,0,yes,yes,other,2022,,0,1489.0,7.13,13.0,92.69,WILD Steward,2022.0,5.0
1489.0,masculine,9.0,zoocamp,1,0,0,1.0,invertebrates,0,yes,yes,other,2022,,0,1489.0,130.38,13.0,1694.94,WILD Steward,2022.0,6.0
1489.0,masculine,9.0,zoocamp,1,0,0,1.0,invertebrates,0,yes,yes,other,2022,,0,1489.0,123.8,13.0,1609.4,WILD Steward,2022.0,7.0
1489.0,masculine,9.0,zoocamp,1,0,0,1.0,invertebrates,0,yes,yes,other,2022,,0,1489.0,75.83,13.0,985.7899999999998,WILD Steward,2022.0,8.0
1489.0,masculine,9.0,zoocamp,1,0,0,1.0,invertebrates,0,yes,yes,other,2022,,0,1489.0,27.94,13.0,363.22,WILD Steward,2022.0,9.0
1489.0,masculine,9.0,zoocamp,1,0,0,1.0,invertebrates,0,yes,yes,other,2022,,0,1489.0,17.87,13.0,232.31,WILD Steward,2022.0,10.0
1489.0,masculine,9.0,zoocamp,1,0,0,1.0,invertebrates,0,yes,yes,other,2022,,0,1489.0,34.93,13.0,454.09,WILD Steward,2022.0,11.0
1489.0,masculine,9.0,zoocamp,1,0,0,1.0,invertebrates,0,yes,yes,other,2022,,0,1489.0,52.95,13.0,688.35,WILD Steward,2022.0,12.0
,masculine,11.0,other,0,0,0,1.0,invertebrates,0,unsure,yes,other,2022,,1,,,,,,,
1488.0,masculine,11.0,other,0,0,0,1.0,invertebrates,1,yes,yes,friend,2022,,0,1488.0,5.5,13.0,71.5,WILD Steward,2022.0,4.0
1488.0,masculine,11.0,other,0,0,0,1.0,invertebrates,1,yes,yes,friend,2022,,0,1488.0,20.86,13.0,271.18,WILD Steward,2022.0,5.0
1488.0,masculine,11.0,other,0,0,0,1.0,invertebrates,1,yes,yes,friend,2022,,0,1488.0,136.29,13.0,1771.77,WILD Steward,2022.0,6.0
1488.0,masculine,11.0,other,0,0,0,1.0,invertebrates,1,yes,yes,friend,2022,,0,1488.0,120.68,13.0,1568.84,WILD Steward,2022.0,7.0
1488.0,masculine,11.0,other,0,0,0,1.0,invertebrates,1,yes,yes,friend,2022,,0,1488.0,69.85,13.0,908.05,WILD Steward,2022.0,8.0
1488.0,masculine,11.0,other,0,0,0,1.0,invertebrates,1,yes,yes,friend,2022,,0,1488.0,20.76,13.0,269.88,WILD Steward,2022.0,9.0
1488.0,masculine,11.0,other,0,0,0,1.0,invertebrates,1,yes,yes,friend,2022,,0,1488.0,14.2,13.0,184.6,WILD Steward,2022.0,10.0
1488.0,masculine,11.0,other,0,0,0,1.0,invertebrates,1,yes,yes,friend,2022,,0,1488.0,7.07,13.0,91.91,WILD Steward,2022.0,11.0
1488.0,masculine,11.0,other,0,0,0,1.0,invertebrates,1,yes,yes,friend,2022,,0,1488.0,13.91,13.0,180.83,WILD Steward,2022.0,12.0
,masculine,9.0,other,0,0,0,1.0,none,1,yes,yes,other,2022,,1,,,,,,,
,masculine,10.0,other,0,0,0,1.0,none,1,unsure,unsure,other,2022,,1,,,,,,,
,masculine,10.0,other,1,0,0,1.0,none,1,unsure,unsure,school,2022,,1,,,,,,,
1487.0,feminine,11.0,other,0,1,0,1.0,none,0,yes,yes,friend,2022,,0,1487.0,5.5,13.0,71.5,WILD Steward,2022.0,4.0
1487.0,feminine,11.0,other,0,1,0,1.0,none,0,yes,yes,friend,2022,,0,1487.0,12.69,13.0,164.97,WILD Steward,2022.0,5.0
1487.0,feminine,11.0,other,0,1,0,1.0,none,0,yes,yes,friend,2022,,0,1487.0,84.63,13.0,1100.19,WILD Steward,2022.0,6.0
1487.0,feminine,11.0,other,0,1,0,1.0,none,0,yes,yes,friend,2022,,0,1487.0,56.0,0.0,0.0,WILD Steward,2022.0,6.0
1487.0,feminine,11.0,other,0,1,0,1.0,none,0,yes,yes,friend,2022,,0,1487.0,88.44,13.0,1149.72,WILD Steward,2022.0,7.0
1487.0,feminine,11.0,other,0,1,0,1.0,none,0,yes,yes,friend,2022,,0,1487.0,65.0,13.0,845.0,WILD Steward,2022.0,8.0
1487.0,feminine,11.0,other,0,1,0,1.0,none,0,yes,yes,friend,2022,,0,1487.0,18.8,13.0,244.4,WILD Steward,2022.0,9.0
1487.0,feminine,11.0,other,0,1,0,1.0,none,0,yes,yes,friend,2022,,0,1487.0,38.55,13.0,501.15,WILD Steward,2022.0,10.0
1487.0,feminine,11.0,other,0,1,0,1.0,none,0,yes,yes,friend,2022,,0,1487.0,16.01,13.0,208.13,WILD Steward,2022.0,11.0
1487.0,feminine,11.0,other,0,1,0,1.0,none,0,yes,yes,friend,2022,,0,1487.0,31.82,13.0,413.66,WILD Steward,2022.0,12.0
,neutral,9.0,other,1,1,0,1.0,none,1,yes,yes,friend,2022,,1,,,,,,,
1476.0,masculine,10.0,other,1,0,0,1.0,none,0,yes,yes,other,2022,,0,1476.0,5.5,13.0,71.5,WILD Steward,2022.0,4.0
1476.0,masculine,10.0,other,1,0,0,1.0,none,0,yes,yes,other,2022,,0,1476.0,20.9,13.0,271.7,WILD Steward,2022.0,5.0
1476.0,masculine,10.0,other,1,0,0,1.0,none,0,yes,yes,other,2022,,0,1476.0,114.03,13.0,1482.39,WILD Steward,2022.0,6.0
1476.0,masculine,10.0,other,1,0,0,1.0,none,0,yes,yes,other,2022,,0,1476.0,76.6,13.0,995.8,WILD Steward,2022.0,7.0
1476.0,masculine,10.0,other,1,0,0,1.0,none,0,yes,yes,other,2022,,0,1476.0,68.02,13.0,884.2600000000001,WILD Steward,2022.0,8.0
1476.0,masculine,10.0,other,1,0,0,1.0,none,0,yes,yes,other,2022,,0,1476.0,20.04,13.0,260.52,WILD Steward,2022.0,9.0
1476.0,masculine,10.0,other,1,0,0,1.0,none,0,yes,yes,other,2022,,0,1476.0,18.33,13.0,238.29,WILD Steward,2022.0,10.0
1476.0,masculine,10.0,other,1,0,0,1.0,none,0,yes,yes,other,2022,,0,1476.0,21.37,13.0,277.81,WILD Steward,2022.0,11.0
1476.0,masculine,10.0,other,1,0,0,1.0,none,0,yes,yes,other,2022,,0,1476.0,45.44,13.0,590.72,WILD Steward,2022.0,12.0
1479.0,feminine,10.0,other,1,0,0,1.0,invertebrates,1,yes,yes,other,2022,,0,1479.0,5.5,13.0,71.5,WILD Steward,2022.0,4.0
1479.0,feminine,10.0,other,1,0,0,1.0,invertebrates,1,yes,yes,other,2022,,0,1479.0,21.18,13.0,275.34,WILD Steward,2022.0,5.0
1479.0,feminine,10.0,other,1,0,0,1.0,invertebrates,1,yes,yes,other,2022,,0,1479.0,111.9,13.0,1454.7,WILD Steward,2022.0,6.0
1479.0,feminine,10.0,other,1,0,0,1.0,invertebrates,1,yes,yes,other,2022,,0,1479.0,16.0,0.0,0.0,WILD Steward,2022.0,6.0
1479.0,feminine,10.0,other,1,0,0,1.0,invertebrates,1,yes,yes,other,2022,,0,1479.0,94.25,13.0,1225.25,WILD Steward,2022.0,7.0
1479.0,feminine,10.0,other,1,0,0,1.0,invertebrates,1,yes,yes,other,2022,,0,1479.0,32.0,0.0,0.0,WILD Steward,2022.0,7.0
1479.0,feminine,10.0,other,1,0,0,1.0,invertebrates,1,yes,yes,other,2022,,0,1479.0,62.87,13.0,817.31,WILD Steward,2022.0,8.0
1479.0,feminine,10.0,other,1,0,0,1.0,invertebrates,1,yes,yes,other,2022,,0,1479.0,8.0,0.0,0.0,WILD Steward,2022.0,8.0
1479.0,feminine,10.0,other,1,0,0,1.0,invertebrates,1,yes,yes,other,2022,,0,1479.0,24.39,13.0,317.07,WILD Steward,2022.0,9.0
1479.0,feminine,10.0,other,1,0,0,1.0,invertebrates,1,yes,yes,other,2022,,0,1479.0,16.0,0.0,0.0,WILD Steward,2022.0,10.0
1479.0,feminine,10.0,other,1,0,0,1.0,invertebrates,1,yes,yes,other,2022,,0,1479.0,23.29,13.0,302.77,WILD Steward,2022.0,10.0
1479.0,feminine,10.0,other,1,0,0,1.0,invertebrates,1,yes,yes,other,2022,,0,1479.0,4.13,13.0,53.69,WILD Steward,2022.0,11.0
1479.0,feminine,10.0,other,1,0,0,1.0,invertebrates,1,yes,yes,other,2022,,0,1479.0,34.54,13.0,449.02,WILD Steward,2022.0,11.0
1479.0,feminine,10.0,other,1,0,0,1.0,invertebrates,1,yes,yes,other,2022,,0,1479.0,28.09,13.0,365.17,WILD Steward,2022.0,12.0
,masculine,9.0,zoocamp,1,0,1,1.0,none,1,yes,yes,social media,2022,,1,,,,,,,
,masculine,10.0,other,1,0,1,1.0,none,1,yes,yes,school,2022,,1,,,,,,,
,feminine,10.0,other,1,1,0,1.0,none,1,unsure,yes,friend,2022,,1,,,,,,,
,feminine,10.0,other,0,0,1,1.0,none,1,unsure,yes,school,2022,,1,,,,,,,
,masculine,10.0,other,1,0,0,1.0,invertebrates,1,yes,yes,other,2022,,1,,,,,,,
,feminine,11.0,other,0,0,0,1.0,none,1,yes,yes,school,2022,,1,,,,,,,
1483.0,feminine,9.0,other,1,1,0,1.0,none,0,yes,yes,friend,2022,,0,1483.0,5.5,13.0,71.5,WILD Steward,2022.0,4.0
1483.0,feminine,9.0,other,1,1,0,1.0,none,0,yes,yes,friend,2022,,0,1483.0,20.9,13.0,271.7,WILD Steward,2022.0,5.0
1483.0,feminine,9.0,other,1,1,0,1.0,none,0,yes,yes,friend,2022,,0,1483.0,32.0,0.0,0.0,WILD Steward,2022.0,6.0
1483.0,feminine,9.0,other,1,1,0,1.0,none,0,yes,yes,friend,2022,,0,1483.0,104.51,13.0,1358.63,WILD Steward,2022.0,6.0
1483.0,feminine,9.0,other,1,1,0,1.0,none,0,yes,yes,friend,2022,,0,1483.0,0.53,19.5,10.34,WILD Steward,2022.0,6.0
1483.0,feminine,9.0,other,1,1,0,1.0,none,0,yes,yes,friend,2022,,0,1483.0,71.95,13.0,935.35,WILD Steward,2022.0,7.0
1483.0,feminine,9.0,other,1,1,0,1.0,none,0,yes,yes,friend,2022,,0,1483.0,41.28,13.0,536.64,WILD Steward,2022.0,8.0
1483.0,feminine,9.0,other,1,1,0,1.0,none,0,yes,yes,friend,2022,,0,1483.0,14.12,13.0,183.56,WILD Steward,2022.0,9.0
1483.0,feminine,9.0,other,1,1,0,1.0,none,0,yes,yes,friend,2022,,0,1483.0,24.51,13.0,318.63,WILD Steward,2022.0,10.0
1483.0,feminine,9.0,other,1,1,0,1.0,none,0,yes,yes,friend,2022,,0,1483.0,23.36,13.0,303.68,WILD Steward,2022.0,11.0
1483.0,feminine,9.0,other,1,1,0,1.0,none,0,yes,yes,friend,2022,,0,1483.0,55.83,13.0,725.7900000000001,WILD Steward,2022.0,12.0
1477.0,feminine,10.0,other,1,0,0,1.0,reptiles,1,yes,yes,other,2022,,0,1477.0,5.5,13.0,71.5,WILD Steward,2022.0,4.0
1477.0,feminine,10.0,other,1,0,0,1.0,reptiles,1,yes,yes,other,2022,,0,1477.0,14.35,13.0,186.55,WILD Steward,2022.0,5.0
1477.0,feminine,10.0,other,1,0,0,1.0,reptiles,1,yes,yes,other,2022,,0,1477.0,8.0,0.0,0.0,WILD Steward,2022.0,5.0
1477.0,feminine,10.0,other,1,0,0,1.0,reptiles,1,yes,yes,other,2022,,0,1477.0,128.68,13.0,1672.84,WILD Steward,2022.0,6.0
1477.0,feminine,10.0,other,1,0,0,1.0,reptiles,1,yes,yes,other,2022,,0,1477.0,138.2,13.0,1796.6,WILD Steward,2022.0,7.0
1477.0,feminine,10.0,other,1,0,0,1.0,reptiles,1,yes,yes,other,2022,,0,1477.0,75.51,13.0,981.63,WILD Steward,2022.0,8.0
1477.0,feminine,10.0,other,1,0,0,1.0,reptiles,1,yes,yes,other,2022,,0,1477.0,27.89,13.0,362.57,WILD Steward,2022.0,9.0
1477.0,feminine,10.0,other,1,0,0,1.0,reptiles,1,yes,yes,other,2022,,0,1477.0,30.33,13.0,394.29,WILD Steward,2022.0,10.0
1477.0,feminine,10.0,other,1,0,0,1.0,reptiles,1,yes,yes,other,2022,,0,1477.0,34.71,13.0,451.23,WILD Steward,2022.0,11.0
1477.0,feminine,10.0,other,1,0,0,1.0,reptiles,1,yes,yes,other,2022,,0,1477.0,54.84,13.0,712.9199999999998,WILD Steward,2022.0,12.0
1486.0,masculine,9.0,other,1,1,0,1.0,none,1,unsure,yes,friend,2022,,0,1486.0,5.5,13.0,71.5,WILD Steward,2022.0,4.0
1486.0,masculine,9.0,other,1,1,0,1.0,none,1,unsure,yes,friend,2022,,0,1486.0,21.0,13.0,273.0,WILD Steward,2022.0,5.0
1486.0,masculine,9.0,other,1,1,0,1.0,none,1,unsure,yes,friend,2022,,0,1486.0,107.64,13.0,1399.32,WILD Steward,2022.0,6.0
1486.0,masculine,9.0,other,1,1,0,1.0,none,1,unsure,yes,friend,2022,,0,1486.0,51.81,13.0,673.53,WILD Steward,2022.0,7.0
1486.0,masculine,9.0,other,1,1,0,1.0,none,1,unsure,yes,friend,2022,,0,1486.0,27.75,13.0,360.75,WILD Steward,2022.0,8.0
1486.0,masculine,9.0,other,1,1,0,1.0,none,1,unsure,yes,friend,2022,,0,1486.0,21.26,13.0,276.38,WILD Steward,2022.0,9.0
1486.0,masculine,9.0,other,1,1,0,1.0,none,1,unsure,yes,friend,2022,,0,1486.0,24.92,13.0,323.96,WILD Steward,2022.0,10.0
1486.0,masculine,9.0,other,1,1,0,1.0,none,1,unsure,yes,friend,2022,,0,1486.0,7.05,13.0,91.65,WILD Steward,2022.0,11.0
1486.0,masculine,9.0,other,1,1,0,1.0,none,1,unsure,yes,friend,2022,,0,1486.0,13.98,13.65,190.83,WILD Steward,2022.0,11.0
1486.0,masculine,9.0,other,1,1,0,1.0,none,1,unsure,yes,friend,2022,,0,1486.0,14.25,13.65,194.52,WILD Steward,2022.0,12.0
1481.0,feminine,9.0,other,1,1,0,1.0,reptiles,1,yes,yes,friend,2022,,0,1481.0,5.5,13.0,71.5,WILD Steward,2022.0,4.0
1481.0,feminine,9.0,other,1,1,0,1.0,reptiles,1,yes,yes,friend,2022,,0,1481.0,6.82,13.0,88.66,WILD Steward,2022.0,5.0
1481.0,feminine,9.0,other,1,1,0,1.0,reptiles,1,yes,yes,friend,2022,,0,1481.0,98.86,13.0,1285.18,WILD Steward,2022.0,6.0
1481.0,feminine,9.0,other,1,1,0,1.0,reptiles,1,yes,yes,friend,2022,,0,1481.0,32.0,0.0,0.0,WILD Steward,2022.0,6.0
1481.0,feminine,9.0,other,1,1,0,1.0,reptiles,1,yes,yes,friend,2022,,0,1481.0,108.74,13.0,1413.62,WILD Steward,2022.0,7.0
1481.0,feminine,9.0,other,1,1,0,1.0,reptiles,1,yes,yes,friend,2022,,0,1481.0,64.12,13.0,833.5600000000001,WILD Steward,2022.0,8.0
1481.0,feminine,9.0,other,1,1,0,1.0,reptiles,1,yes,yes,friend,2022,,0,1481.0,23.37,13.0,303.81,WILD Steward,2022.0,9.0
1481.0,feminine,9.0,other,1,1,0,1.0,reptiles,1,yes,yes,friend,2022,,0,1481.0,16.51,13.0,214.63,WILD Steward,2022.0,10.0
1481.0,feminine,9.0,other,1,1,0,1.0,reptiles,1,yes,yes,friend,2022,,0,1481.0,8.0,0.0,0.0,WILD Steward,2022.0,10.0
1481.0,feminine,9.0,other,1,1,0,1.0,reptiles,1,yes,yes,friend,2022,,0,1481.0,4.87,13.0,63.31,WILD Steward,2022.0,11.0
1481.0,feminine,9.0,other,1,1,0,1.0,reptiles,1,yes,yes,friend,2022,,0,1481.0,26.8,13.0,348.4,WILD Steward,2022.0,11.0
1481.0,feminine,9.0,other,1,1,0,1.0,reptiles,1,yes,yes,friend,2022,,0,1481.0,10.21,13.0,132.73,WILD Steward,2022.0,12.0
,,9.0,other,1,0,0,1.0,invertebrates,1,unsure,yes,other,2022,,1,,,,,,,
,feminine,9.0,other,1,0,0,1.0,none,0,yes,yes,school,2022,,1,,,,,,,
1490.0,feminine,9.0,other,1,0,0,1.0,mammals,1,yes,yes,social media,2022,,0,1490.0,5.5,13.0,71.5,WILD Steward,2022.0,4.0
1490.0,feminine,9.0,other,1,0,0,1.0,mammals,1,yes,yes,social media,2022,,0,1490.0,21.0,13.0,273.0,WILD Steward,2022.0,5.0
1490.0,feminine,9.0,other,1,0,0,1.0,mammals,1,yes,yes,social media,2022,,0,1490.0,114.78,13.0,1492.14,WILD Steward,2022.0,6.0
1490.0,feminine,9.0,other,1,0,0,1.0,mammals,1,yes,yes,social media,2022,,0,1490.0,87.2,13.0,1133.6,WILD Steward,2022.0,7.0
1490.0,feminine,9.0,other,1,0,0,1.0,mammals,1,yes,yes,social media,2022,,0,1490.0,54.13,13.0,703.69,WILD Steward,2022.0,8.0
1490.0,feminine,9.0,other,1,0,0,1.0,mammals,1,yes,yes,social media,2022,,0,1490.0,27.86,13.0,362.18,WILD Steward,2022.0,9.0
1490.0,feminine,9.0,other,1,0,0,1.0,mammals,1,yes,yes,social media,2022,,0,1490.0,17.87,13.0,232.31,WILD Steward,2022.0,10.0
1490.0,feminine,9.0,other,1,0,0,1.0,mammals,1,yes,yes,social media,2022,,0,1490.0,7.28,13.0,94.64,WILD Steward,2022.0,11.0
,feminine,8.0,other,1,1,0,1.0,invertebrates,1,yes,unsure,friend,2022,,1,,,,,,,
,feminine,8.0,other,1,0,0,1.0,invertebrates,1,yes,yes,friend,2022,,1,,,,,,,
,feminine,8.0,other,1,0,0,1.0,none,1,yes,yes,friend,2022,,1,,,,,,,
1478.0,feminine,9.0,other,1,0,0,1.0,none,1,yes,yes,social media,2022,,0,1478.0,5.5,13.0,71.5,WILD Steward,2022.0,4.0
1478.0,feminine,9.0,other,1,0,0,1.0,none,1,yes,yes,social media,2022,,0,1478.0,21.0,13.0,273.0,WILD Steward,2022.0,5.0
1478.0,feminine,9.0,other,1,0,0,1.0,none,1,yes,yes,social media,2022,,0,1478.0,124.44,13.0,1617.72,WILD Steward,2022.0,6.0
1478.0,feminine,9.0,other,1,0,0,1.0,none,1,yes,yes,social media,2022,,0,1478.0,126.24,13.0,1641.12,WILD Steward,2022.0,7.0
1478.0,feminine,9.0,other,1,0,0,1.0,none,1,yes,yes,social media,2022,,0,1478.0,65.78,13.0,855.14,WILD Steward,2022.0,8.0
1478.0,feminine,9.0,other,1,0,0,1.0,none,1,yes,yes,social media,2022,,0,1478.0,13.92,13.0,180.96,WILD Steward,2022.0,9.0
1478.0,feminine,9.0,other,1,0,0,1.0,none,1,yes,yes,social media,2022,,0,1478.0,17.71,13.0,230.23,WILD Steward,2022.0,10.0
1478.0,feminine,9.0,other,1,0,0,1.0,none,1,yes,yes,social media,2022,,0,1478.0,13.68,13.0,177.84,WILD Steward,2022.0,11.0
1478.0,feminine,9.0,other,1,0,0,1.0,none,1,yes,yes,social media,2022,,0,1478.0,27.06,13.0,351.78,WILD Steward,2022.0,12.0
1488.0,masculine,11.0,other,0,0,1,1.0,none,0,yes,yes,other,2022,,0,1488.0,5.5,13.0,71.5,WILD Steward,2022.0,4.0
1488.0,masculine,11.0,other,0,0,1,1.0,none,0,yes,yes,other,2022,,0,1488.0,20.86,13.0,271.18,WILD Steward,2022.0,5.0
1488.0,masculine,11.0,other,0,0,1,1.0,none,0,yes,yes,other,2022,,0,1488.0,136.29,13.0,1771.77,WILD Steward,2022.0,6.0
1488.0,masculine,11.0,other,0,0,1,1.0,none,0,yes,yes,other,2022,,0,1488.0,120.68,13.0,1568.84,WILD Steward,2022.0,7.0
1488.0,masculine,11.0,other,0,0,1,1.0,none,0,yes,yes,other,2022,,0,1488.0,69.85,13.0,908.05,WILD Steward,2022.0,8.0
1488.0,masculine,11.0,other,0,0,1,1.0,none,0,yes,yes,other,2022,,0,1488.0,20.76,13.0,269.88,WILD Steward,2022.0,9.0
1488.0,masculine,11.0,other,0,0,1,1.0,none,0,yes,yes,other,2022,,0,1488.0,14.2,13.0,184.6,WILD Steward,2022.0,10.0
1488.0,masculine,11.0,other,0,0,1,1.0,none,0,yes,yes,other,2022,,0,1488.0,7.07,13.0,91.91,WILD Steward,2022.0,11.0
1488.0,masculine,11.0,other,0,0,1,1.0,none,0,yes,yes,other,2022,,0,1488.0,13.91,13.0,180.83,WILD Steward,2022.0,12.0
,feminine,11.0,other,0,0,0,1.0,birds,1,yes,yes,school,2022,,1,,,,,,,
,feminine,12.0,other,0,0,0,1.0,mammals,0,yes,yes,school,2022,,1,,,,,,,
,,11.0,other,1,0,0,1.0,none,1,yes,yes,school,2022,,1,,,,,,,
,masculine,10.0,other,1,0,0,1.0,none,1,yes,yes,school,2022,,1,,,,,,,
,feminine,8.0,other,1,0,0,1.0,invertebrates,1,unsure,unsure,friend,2022,,1,,,,,,,
,feminine,11.0,other,0,0,0,1.0,reptiles,1,yes,unsure,school,2022,,1,,,,,,,
,feminine,8.0,other,0,0,0,1.0,none,0,yes,yes,family,2022,,1,,,,,,,
,feminine,12.0,other,0,0,0,0.0,invertebrates,0,unsure,yes,friend,2022,,1,,,,,,,
,masculine,8.0,other,1,0,0,1.0,none,0,unsure,yes,friend,2022,,1,,,,,,,
,feminine,9.0,other,1,0,1,1.0,birds,1,yes,yes,school,2022,,1,,,,,,,
,feminine,12.0,other,1,0,0,0.0,birds,0,yes,yes,friend,2022,,1,,,,,,,
,feminine,12.0,other,1,0,0,1.0,invertebrates,1,unsure,unsure,friend,2022,,1,,,,,,,
,feminine,10.0,other,0,0,0,1.0,none,1,yes,yes,school,2022,,1,,,,,,,
,feminine,10.0,other,1,0,0,1.0,invertebrates,0,yes,yes,school,2022,,1,,,,,,,
,feminine,9.0,other,0,0,0,1.0,invertebrates,0,yes,yes,friend,2022,,1,,,,,,,
,masculine,12.0,other,0,1,0,1.0,invertebrates,0,yes,yes,friend,2022,,1,,,,,,,
,masculine,10.0,other,1,0,0,1.0,none,1,yes,yes,school,2022,,1,,,,,,,
,feminine,9.0,other,1,1,0,1.0,none,0,yes,yes,school,2022,,1,,,,,,,
,feminine,9.0,other,1,1,0,1.0,none,0,yes,yes,school,2022,,1,,,,,,,
,feminine,11.0,homeschool,1,0,0,1.0,mammals,1,yes,yes,school,2022,,1,,,,,,,
,feminine,10.0,other,1,0,0,1.0,mammals,0,yes,yes,school,2022,,1,,,,,,,
,feminine,9.0,other,1,1,0,1.0,none,0,yes,yes,school,2022,,1,,,,,,,
,feminine,11.0,other,1,0,1,1.0,mammals,1,yes,yes,school,2022,,1,,,,,,,
,feminine,10.0,other,1,0,0,1.0,mammals,0,yes,yes,school,2022,,1,,,,,,,
,neutral,11.0,other,1,0,0,1.0,invertebrates,1,yes,yes,school,2022,,1,,,,,,,
,feminine,9.0,other,1,0,0,1.0,none,0,yes,yes,school,2022,,1,,,,,,,
,masculine,9.0,other,1,0,0,1.0,mammals,0,yes,yes,school,2022,,1,,,,,,,
1485.0,feminine,11.0,other,0,0,0,1.0,none,0,yes,yes,school,2022,,0,1485.0,5.5,13.0,71.5,WILD Steward,2022.0,4.0
1485.0,feminine,11.0,other,0,0,0,1.0,none,0,yes,yes,school,2022,,0,1485.0,21.82,13.0,283.66,WILD Steward,2022.0,5.0
1485.0,feminine,11.0,other,0,0,0,1.0,none,0,yes,yes,school,2022,,0,1485.0,96.34,13.0,1252.42,WILD Steward,2022.0,6.0
1485.0,feminine,11.0,other,0,0,0,1.0,none,0,yes,yes,school,2022,,0,1485.0,131.58,13.0,1710.54,WILD Steward,2022.0,7.0
1485.0,feminine,11.0,other,0,0,0,1.0,none,0,yes,yes,school,2022,,0,1485.0,66.81,13.0,868.53,WILD Steward,2022.0,8.0
1485.0,feminine,11.0,other,0,0,0,1.0,none,0,yes,yes,school,2022,,0,1485.0,21.17,13.0,275.21,WILD Steward,2022.0,9.0
1485.0,feminine,11.0,other,0,0,0,1.0,none,0,yes,yes,school,2022,,0,1485.0,33.44,13.0,434.72,WILD Steward,2022.0,10.0
1485.0,feminine,11.0,other,0,0,0,1.0,none,0,yes,yes,school,2022,,0,1485.0,28.55,13.0,371.15,WILD Steward,2022.0,11.0
1485.0,feminine,11.0,other,0,0,0,1.0,none,0,yes,yes,school,2022,,0,1485.0,64.63,13.0,840.1899999999999,WILD Steward,2022.0,12.0
,feminine,9.0,other,1,1,0,1.0,none,0,yes,yes,school,2022,,1,,,,,,,
1478.0,feminine,9.0,other,1,0,0,1.0,none,0,yes,yes,friend,2022,,0,1478.0,5.5,13.0,71.5,WILD Steward,2022.0,4.0
1478.0,feminine,9.0,other,1,0,0,1.0,none,0,yes,yes,friend,2022,,0,1478.0,21.0,13.0,273.0,WILD Steward,2022.0,5.0
1478.0,feminine,9.0,other,1,0,0,1.0,none,0,yes,yes,friend,2022,,0,1478.0,124.44,13.0,1617.72,WILD Steward,2022.0,6.0
1478.0,feminine,9.0,other,1,0,0,1.0,none,0,yes,yes,friend,2022,,0,1478.0,126.24,13.0,1641.12,WILD Steward,2022.0,7.0
1478.0,feminine,9.0,other,1,0,0,1.0,none,0,yes,yes,friend,2022,,0,1478.0,65.78,13.0,855.14,WILD Steward,2022.0,8.0
1478.0,feminine,9.0,other,1,0,0,1.0,none,0,yes,yes,friend,2022,,0,1478.0,13.92,13.0,180.96,WILD Steward,2022.0,9.0
1478.0,feminine,9.0,other,1,0,0,1.0,none,0,yes,yes,friend,2022,,0,1478.0,17.71,13.0,230.23,WILD Steward,2022.0,10.0
1478.0,feminine,9.0,other,1,0,0,1.0,none,0,yes,yes,friend,2022,,0,1478.0,13.68,13.0,177.84,WILD Steward,2022.0,11.0
1478.0,feminine,9.0,other,1,0,0,1.0,none,0,yes,yes,friend,2022,,0,1478.0,27.06,13.0,351.78,WILD Steward,2022.0,12.0
,feminine,9.0,other,1,0,0,1.0,none,1,yes,yes,school,2022,,1,,,,,,,
,feminine,10.0,other,1,0,0,1.0,invertebrates,0,yes,yes,social media,2022,,1,,,,,,,
1475.0,feminine,9.0,other,1,0,0,1.0,invertebrates,1,yes,yes,school,2022,,0,1475.0,5.5,13.0,71.5,WILD Steward,2022.0,4.0
1475.0,feminine,9.0,other,1,0,0,1.0,invertebrates,1,yes,yes,school,2022,,0,1475.0,20.98,13.0,272.74,WILD Steward,2022.0,5.0
1475.0,feminine,9.0,other,1,0,0,1.0,invertebrates,1,yes,yes,school,2022,,0,1475.0,123.56,13.0,1606.28,WILD Steward,2022.0,6.0
1475.0,feminine,9.0,other,1,0,0,1.0,invertebrates,1,yes,yes,school,2022,,0,1475.0,118.68,13.0,1542.84,WILD Steward,2022.0,7.0
1475.0,feminine,9.0,other,1,0,0,1.0,invertebrates,1,yes,yes,school,2022,,0,1475.0,8.0,0.0,0.0,WILD Steward,2022.0,7.0
1475.0,feminine,9.0,other,1,0,0,1.0,invertebrates,1,yes,yes,school,2022,,0,1475.0,74.03,13.0,962.3900000000002,WILD Steward,2022.0,8.0
1475.0,feminine,9.0,other,1,0,0,1.0,invertebrates,1,yes,yes,school,2022,,0,1475.0,27.84,13.0,361.92,WILD Steward,2022.0,9.0
1475.0,feminine,9.0,other,1,0,0,1.0,invertebrates,1,yes,yes,school,2022,,0,1475.0,24.65,13.0,320.45,WILD Steward,2022.0,10.0
1475.0,feminine,9.0,other,1,0,0,1.0,invertebrates,1,yes,yes,school,2022,,0,1475.0,27.99,13.0,363.87,WILD Steward,2022.0,11.0
1475.0,feminine,9.0,other,1,0,0,1.0,invertebrates,1,yes,yes,school,2022,,0,1475.0,53.23,13.0,691.99,WILD Steward,2022.0,12.0
,neutral,12.0,other,0,0,0,1.0,none,1,yes,yes,school,2022,,1,,,,,,,
,feminine,10.0,other,1,0,0,1.0,invertebrates,0,yes,yes,school,2022,,1,,,,,,,
,neutral,12.0,other,0,0,0,1.0,none,0,yes,yes,friend,2022,,1,,,,,,,
,feminine,10.0,other,1,0,0,1.0,none,1,yes,yes,school,2022,,1,,,,,,,
,feminine,10.0,other,1,0,0,1.0,invertebrates,1,yes,yes,school,2022,,1,,,,,,,
,feminine,10.0,homeschool,1,0,0,1.0,none,0,yes,yes,friend,2022,,1,,,,,,,
,masculine,10.0,other,1,0,0,1.0,none,1,yes,yes,friend,2022,,1,,,,,,,
,feminine,9.0,other,1,0,0,1.0,invertebrates,1,yes,yes,school,2022,,1,,,,,,,
,feminine,10.0,other,1,0,0,1.0,none,1,yes,unsure,school,2022,,1,,,,,,,
,masculine,9.0,other,1,0,0,1.0,none,1,unsure,yes,school,2022,,1,,,,,,,
,masculine,9.0,other,1,0,0,1.0,none,1,unsure,yes,school,2022,,1,,,,,,,
,feminine,11.0,other,1,0,0,1.0,invertebrates,0,yes,yes,school,2022,,1,,,,,,,
,feminine,9.0,other,0,0,0,1.0,none,1,yes,unsure,friend,2022,,1,,,,,,,
,feminine,11.0,zoocamp,1,0,1,1.0,none,1,yes,yes,friend,2022,,1,,,,,,,
,feminine,9.0,other,1,0,1,1.0,none,0,yes,yes,school,2022,,1,,,,,,,
1480.0,feminine,9.0,other,1,0,1,1.0,invertebrates,1,yes,yes,school,2022,,0,1480.0,5.5,13.0,71.5,WILD Steward,2022.0,4.0
1480.0,feminine,9.0,other,1,0,1,1.0,invertebrates,1,yes,yes,school,2022,,0,1480.0,20.88,13.0,271.44,WILD Steward,2022.0,5.0
1480.0,feminine,9.0,other,1,0,1,1.0,invertebrates,1,yes,yes,school,2022,,0,1480.0,74.87,13.0,973.31,WILD Steward,2022.0,6.0
1480.0,feminine,9.0,other,1,0,1,1.0,invertebrates,1,yes,yes,school,2022,,0,1480.0,72.0,0.0,0.0,WILD Steward,2022.0,6.0
1480.0,feminine,9.0,other,1,0,1,1.0,invertebrates,1,yes,yes,school,2022,,0,1480.0,130.12,13.0,1691.56,WILD Steward,2022.0,7.0
1480.0,feminine,9.0,other,1,0,1,1.0,invertebrates,1,yes,yes,school,2022,,0,1480.0,32.0,0.0,0.0,WILD Steward,2022.0,8.0
1480.0,feminine,9.0,other,1,0,1,1.0,invertebrates,1,yes,yes,school,2022,,0,1480.0,46.34,13.0,602.42,WILD Steward,2022.0,8.0
1480.0,feminine,9.0,other,1,0,1,1.0,invertebrates,1,yes,yes,school,2022,,0,1480.0,28.96,13.0,376.48,WILD Steward,2022.0,9.0
1480.0,feminine,9.0,other,1,0,1,1.0,invertebrates,1,yes,yes,school,2022,,0,1480.0,30.53,13.0,396.89,WILD Steward,2022.0,10.0
1480.0,feminine,9.0,other,1,0,1,1.0,invertebrates,1,yes,yes,school,2022,,0,1480.0,4.5,13.0,58.5,WILD Steward,2022.0,11.0
1480.0,feminine,9.0,other,1,0,1,1.0,invertebrates,1,yes,yes,school,2022,,0,1480.0,17.61,13.0,228.93,WILD Steward,2022.0,11.0
1480.0,feminine,9.0,other,1,0,1,1.0,invertebrates,1,yes,yes,school,2022,,0,1480.0,31.19,13.0,405.47,WILD Steward,2022.0,12.0
1482.0,feminine,10.0,other,1,0,0,1.0,none,1,yes,yes,other,2022,,0,1482.0,5.5,13.0,71.5,WILD Steward,2022.0,4.0
1482.0,feminine,10.0,other,1,0,0,1.0,none,1,yes,yes,other,2022,,0,1482.0,13.88,13.0,180.44,WILD Steward,2022.0,5.0
1482.0,feminine,10.0,other,1,0,0,1.0,none,1,yes,yes,other,2022,,0,1482.0,128.1,13.0,1665.3,WILD Steward,2022.0,6.0
1482.0,feminine,10.0,other,1,0,0,1.0,none,1,yes,yes,other,2022,,0,1482.0,106.18,13.0,1380.34,WILD Steward,2022.0,7.0
1482.0,feminine,10.0,other,1,0,0,1.0,none,1,yes,yes,other,2022,,0,1482.0,60.61,13.0,787.9300000000001,WILD Steward,2022.0,8.0
1482.0,feminine,10.0,other,1,0,0,1.0,none,1,yes,yes,other,2022,,0,1482.0,27.71,13.0,360.23,WILD Steward,2022.0,9.0
1482.0,feminine,10.0,other,1,0,0,1.0,none,1,yes,yes,other,2022,,0,1482.0,23.42,13.0,304.46,WILD Steward,2022.0,10.0
1482.0,feminine,10.0,other,1,0,0,1.0,none,1,yes,yes,other,2022,,0,1482.0,13.85,13.0,180.05,WILD Steward,2022.0,11.0
1482.0,feminine,10.0,other,1,0,0,1.0,none,1,yes,yes,other,2022,,0,1482.0,45.89,13.0,596.5699999999999,WILD Steward,2022.0,12.0
,masculine,10.0,other,0,1,0,1.0,none,1,unsure,yes,friend,2022,,1,,,,,,,
,feminine,10.0,other,0,1,0,1.0,none,1,yes,yes,friend,2022,,1,,,,,,,
,masculine,10.0,other,1,0,0,1.0,invertebrates,1,yes,yes,friend,2022,,1,,,,,,,
,masculine,10.0,other,0,0,0,1.0,none,1,yes,yes,friend,2022,,1,,,,,,,
,masculine,9.0,other,1,1,0,1.0,invertebrates,1,yes,unsure,friend,2022,,1,,,,,,,
1484.0,feminine,9.0,other,0,1,0,1.0,invertebrates,1,yes,yes,friend,2022,,0,1484.0,5.5,13.0,71.5,WILD Steward,2022.0,4.0
1484.0,feminine,9.0,other,0,1,0,1.0,invertebrates,1,yes,yes,friend,2022,,0,1484.0,13.76,13.0,178.88,WILD Steward,2022.0,5.0
1484.0,feminine,9.0,other,0,1,0,1.0,invertebrates,1,yes,yes,friend,2022,,0,1484.0,118.56,13.0,1541.28,WILD Steward,2022.0,6.0
1484.0,feminine,9.0,other,0,1,0,1.0,invertebrates,1,yes,yes,friend,2022,,0,1484.0,16.0,0.0,0.0,WILD Steward,2022.0,6.0
1484.0,feminine,9.0,other,0,1,0,1.0,invertebrates,1,yes,yes,friend,2022,,0,1484.0,103.21,13.0,1341.73,WILD Steward,2022.0,7.0
1484.0,feminine,9.0,other,0,1,0,1.0,invertebrates,1,yes,yes,friend,2022,,0,1484.0,61.67,13.0,801.71,WILD Steward,2022.0,8.0
1484.0,feminine,9.0,other,0,1,0,1.0,invertebrates,1,yes,yes,friend,2022,,0,1484.0,27.64,13.0,359.32,WILD Steward,2022.0,9.0
1484.0,feminine,9.0,other,0,1,0,1.0,invertebrates,1,yes,yes,friend,2022,,0,1484.0,16.98,13.0,220.74,WILD Steward,2022.0,10.0
1484.0,feminine,9.0,other,0,1,0,1.0,invertebrates,1,yes,yes,friend,2022,,0,1484.0,34.96,13.0,454.48,WILD Steward,2022.0,11.0
1484.0,feminine,9.0,other,0,1,0,1.0,invertebrates,1,yes,yes,friend,2022,,0,1484.0,41.18,13.0,535.3399999999999,WILD Steward,2022.0,12.0
,feminine,9.0,,1,0,0,1.0,invertebrates,0,yes,yes,friend,2021,14.0,1,,,,,,,
1229.0,feminine,10.0,,1,0,0,0.0,invertebrates,0,yes,yes,school,2021,15.0,0,1229.0,21.12,8.65,182.69,WILD Steward,2021.0,4.0
1229.0,feminine,10.0,,1,0,0,0.0,invertebrates,0,yes,yes,school,2021,15.0,0,1229.0,19.17,8.65,165.82,WILD Steward,2021.0,5.0
1229.0,feminine,10.0,,1,0,0,0.0,invertebrates,0,yes,yes,school,2021,15.0,0,1229.0,7.55,8.65,65.31,WILD Steward,2021.0,6.0
1229.0,feminine,10.0,,1,0,0,0.0,invertebrates,0,yes,yes,school,2021,15.0,0,1229.0,84.42,10.0,844.1999999999999,WILD Steward,2021.0,6.0
1229.0,feminine,10.0,,1,0,0,0.0,invertebrates,0,yes,yes,school,2021,15.0,0,1229.0,129.72,10.0,1297.2,WILD Steward,2021.0,7.0
1229.0,feminine,10.0,,1,0,0,0.0,invertebrates,0,yes,yes,school,2021,15.0,0,1229.0,7.76,15.0,116.4,WILD Steward,2021.0,7.0
1229.0,feminine,10.0,,1,0,0,0.0,invertebrates,0,yes,yes,school,2021,15.0,0,1229.0,44.96,10.0,449.6,WILD Steward,2021.0,8.0
1229.0,feminine,10.0,,1,0,0,0.0,invertebrates,0,yes,yes,school,2021,15.0,0,1229.0,12.99,10.0,129.9,WILD Steward,2021.0,9.0
1229.0,feminine,10.0,,1,0,0,0.0,invertebrates,0,yes,yes,school,2021,15.0,0,1229.0,28.49,10.0,284.9,WILD Steward,2021.0,10.0
1229.0,feminine,10.0,,1,0,0,0.0,invertebrates,0,yes,yes,school,2021,15.0,0,1229.0,5.15,13.5,69.53,WILD Steward,2021.0,10.0
1229.0,feminine,10.0,,1,0,0,0.0,invertebrates,0,yes,yes,school,2021,15.0,0,1229.0,32.76,13.5,442.27,WILD Steward,2021.0,11.0
1229.0,feminine,10.0,,1,0,0,0.0,invertebrates,0,yes,yes,school,2021,15.0,0,1229.0,57.32,13.5,773.8499999999999,WILD Steward,2021.0,12.0
1229.0,feminine,10.0,,1,0,0,0.0,invertebrates,0,yes,yes,school,2021,15.0,0,1229.0,23.6,13.5,318.62,WILD Steward,2022.0,1.0
1229.0,feminine,10.0,,1,0,0,0.0,invertebrates,0,yes,yes,school,2021,15.0,0,1229.0,21.37,13.5,288.51,WILD Steward,2022.0,2.0
1229.0,feminine,10.0,,1,0,0,0.0,invertebrates,0,yes,yes,school,2021,15.0,0,1229.0,25.59,13.5,345.49,WILD Steward,2022.0,3.0
1229.0,feminine,10.0,,1,0,0,0.0,invertebrates,0,yes,yes,school,2021,15.0,0,1229.0,34.0,13.5,459.02,WILD Steward,2022.0,4.0
1229.0,feminine,10.0,,1,0,0,0.0,invertebrates,0,yes,yes,school,2021,15.0,0,1229.0,19.69,13.5,265.82,WILD Steward,2022.0,5.0
1229.0,feminine,10.0,,1,0,0,0.0,invertebrates,0,yes,yes,school,2021,15.0,0,1229.0,76.02,13.5,1026.31,WILD Steward,2022.0,6.0
1229.0,feminine,10.0,,1,0,0,0.0,invertebrates,0,yes,yes,school,2021,15.0,0,1229.0,24.0,0.0,0.0,WILD Steward,2022.0,6.0
1229.0,feminine,10.0,,1,0,0,0.0,invertebrates,0,yes,yes,school,2021,15.0,0,1229.0,125.1,13.5,1688.93,WILD Steward,2022.0,7.0
1229.0,feminine,10.0,,1,0,0,0.0,invertebrates,0,yes,yes,school,2021,15.0,0,1229.0,54.16,13.5,731.2,WILD Steward,2022.0,8.0
1229.0,feminine,10.0,,1,0,0,0.0,invertebrates,0,yes,yes,school,2021,15.0,0,1229.0,16.0,0.0,0.0,WILD Steward,2022.0,8.0
1229.0,feminine,10.0,,1,0,0,0.0,invertebrates,0,yes,yes,school,2021,15.0,0,1229.0,20.93,13.5,282.57,WILD Steward,2022.0,9.0
1229.0,feminine,10.0,,1,0,0,0.0,invertebrates,0,yes,yes,school,2021,15.0,0,1229.0,38.36,13.5,517.89,WILD Steward,2022.0,10.0
1229.0,feminine,10.0,,1,0,0,0.0,invertebrates,0,yes,yes,school,2021,15.0,0,1229.0,26.28,13.5,354.8,WILD Steward,2022.0,11.0
1229.0,feminine,10.0,,1,0,0,0.0,invertebrates,0,yes,yes,school,2021,15.0,0,1229.0,38.93,13.5,525.58,WILD Steward,2022.0,12.0
,masculine,9.0,,1,0,0,1.0,reptiles,0,yes,yes,friend,2021,14.0,1,,,,,,,
1480.0,feminine,8.0,,1,0,0,1.0,invertebrates,0,yes,yes,school,2021,14.0,0,1480.0,5.5,13.0,71.5,WILD Steward,2022.0,4.0
1480.0,feminine,8.0,,1,0,0,1.0,invertebrates,0,yes,yes,school,2021,14.0,0,1480.0,20.88,13.0,271.44,WILD Steward,2022.0,5.0
1480.0,feminine,8.0,,1,0,0,1.0,invertebrates,0,yes,yes,school,2021,14.0,0,1480.0,74.87,13.0,973.31,WILD Steward,2022.0,6.0
1480.0,feminine,8.0,,1,0,0,1.0,invertebrates,0,yes,yes,school,2021,14.0,0,1480.0,72.0,0.0,0.0,WILD Steward,2022.0,6.0
1480.0,feminine,8.0,,1,0,0,1.0,invertebrates,0,yes,yes,school,2021,14.0,0,1480.0,130.12,13.0,1691.56,WILD Steward,2022.0,7.0
1480.0,feminine,8.0,,1,0,0,1.0,invertebrates,0,yes,yes,school,2021,14.0,0,1480.0,32.0,0.0,0.0,WILD Steward,2022.0,8.0
1480.0,feminine,8.0,,1,0,0,1.0,invertebrates,0,yes,yes,school,2021,14.0,0,1480.0,46.34,13.0,602.42,WILD Steward,2022.0,8.0
1480.0,feminine,8.0,,1,0,0,1.0,invertebrates,0,yes,yes,school,2021,14.0,0,1480.0,28.96,13.0,376.48,WILD Steward,2022.0,9.0
1480.0,feminine,8.0,,1,0,0,1.0,invertebrates,0,yes,yes,school,2021,14.0,0,1480.0,30.53,13.0,396.89,WILD Steward,2022.0,10.0
1480.0,feminine,8.0,,1,0,0,1.0,invertebrates,0,yes,yes,school,2021,14.0,0,1480.0,4.5,13.0,58.5,WILD Steward,2022.0,11.0
1480.0,feminine,8.0,,1,0,0,1.0,invertebrates,0,yes,yes,school,2021,14.0,0,1480.0,17.61,13.0,228.93,WILD Steward,2022.0,11.0
1480.0,feminine,8.0,,1,0,0,1.0,invertebrates,0,yes,yes,school,2021,14.0,0,1480.0,31.19,13.0,405.47,WILD Steward,2022.0,12.0
1231.0,feminine,10.0,,1,0,0,1.0,none,0,yes,yes,social media,2021,16.0,0,1231.0,22.33,8.65,193.16,WILD Steward,2021.0,4.0
1231.0,feminine,10.0,,1,0,0,1.0,none,0,yes,yes,social media,2021,16.0,0,1231.0,31.22,8.65,270.05,WILD Steward,2021.0,5.0
1231.0,feminine,10.0,,1,0,0,1.0,none,0,yes,yes,social media,2021,16.0,0,1231.0,7.57,8.65,65.49,WILD Steward,2021.0,6.0
1231.0,feminine,10.0,,1,0,0,1.0,none,0,yes,yes,social media,2021,16.0,0,1231.0,51.62,10.0,516.2,WILD Steward,2021.0,6.0
,feminine,8.0,,1,0,0,1.0,invertebrates,0,unsure,yes,other,2021,13.0,1,,,,,,,
,neutral,9.0,,1,1,0,1.0,none,0,yes,yes,school,2021,15.0,1,,,,,,,
,masculine,9.0,,1,0,0,1.0,birds,0,yes,yes,school,2021,15.0,1,,,,,,,
1230.0,masculine,8.0,zoocamp,1,0,0,1.0,invertebrates,0,unsure,yes,school,2021,14.0,0,1230.0,13.82,8.65,119.54,WILD Steward,2021.0,4.0
1230.0,masculine,8.0,zoocamp,1,0,0,1.0,invertebrates,0,unsure,yes,school,2021,14.0,0,1230.0,19.07,8.65,164.96,WILD Steward,2021.0,5.0
1230.0,masculine,8.0,zoocamp,1,0,0,1.0,invertebrates,0,unsure,yes,school,2021,14.0,0,1230.0,7.2,8.65,62.28,WILD Steward,2021.0,6.0
1230.0,masculine,8.0,zoocamp,1,0,0,1.0,invertebrates,0,unsure,yes,school,2021,14.0,0,1230.0,83.62,10.0,836.1999999999999,WILD Steward,2021.0,6.0
1230.0,masculine,8.0,zoocamp,1,0,0,1.0,invertebrates,0,unsure,yes,school,2021,14.0,0,1230.0,24.57,10.0,245.7,WILD Steward,2021.0,7.0
1230.0,masculine,8.0,zoocamp,1,0,0,1.0,invertebrates,0,unsure,yes,school,2021,14.0,0,1230.0,31.39,10.0,313.9,WILD Steward,2021.0,8.0
1230.0,masculine,8.0,zoocamp,1,0,0,1.0,invertebrates,0,unsure,yes,school,2021,14.0,0,1230.0,13.32,10.0,133.2,WILD Steward,2021.0,9.0
1230.0,masculine,8.0,zoocamp,1,0,0,1.0,invertebrates,0,unsure,yes,school,2021,14.0,0,1230.0,12.4,10.0,124.0,WILD Steward,2021.0,10.0
1230.0,masculine,8.0,zoocamp,1,0,0,1.0,invertebrates,0,unsure,yes,school,2021,14.0,0,1230.0,6.05,13.5,81.68,WILD Steward,2021.0,10.0
1230.0,masculine,8.0,zoocamp,1,0,0,1.0,invertebrates,0,unsure,yes,school,2021,14.0,0,1230.0,6.0,13.5,81.01,WILD Steward,2021.0,11.0
1230.0,masculine,8.0,zoocamp,1,0,0,1.0,invertebrates,0,unsure,yes,school,2021,14.0,0,1230.0,29.31,13.5,395.71,WILD Steward,2021.0,12.0
1230.0,masculine,8.0,zoocamp,1,0,0,1.0,invertebrates,0,unsure,yes,school,2021,14.0,0,1230.0,13.36,13.5,180.36,WILD Steward,2022.0,1.0
1230.0,masculine,8.0,zoocamp,1,0,0,1.0,invertebrates,0,unsure,yes,school,2021,14.0,0,1230.0,8.1,13.5,109.36,WILD Steward,2022.0,2.0
1230.0,masculine,8.0,zoocamp,1,0,0,1.0,invertebrates,0,unsure,yes,school,2021,14.0,0,1230.0,50.62,13.5,683.39,WILD Steward,2022.0,3.0
,feminine,8.0,,1,0,0,1.0,invertebrates,0,yes,yes,school,2021,14.0,1,,,,,,,
,feminine,10.0,,1,0,0,1.0,birds,0,yes,yes,friend,2021,15.0,1,,,,,,,
,feminine,10.0,,1,1,0,0.0,invertebrates,0,yes,yes,friend,2021,16.0,1,,,,,,,
,masculine,8.0,,1,0,0,1.0,invertebrates,0,yes,yes,school,2021,14.0,1,,,,,,,
,masculine,8.0,,1,0,0,0.0,none,0,yes,no,school,2021,14.0,1,,,,,,,
,masculine,9.0,,1,0,0,0.0,none,0,yes,yes,social media,2021,15.0,1,,,,,,,
,feminine,8.0,,1,0,0,1.0,mammals,0,yes,yes,school,2021,14.0,1,,,,,,,
,feminine,10.0,,1,0,0,1.0,invertebrates,0,yes,yes,other,2021,15.0,1,,,,,,,
,feminine,9.0,,1,0,0,1.0,none,0,yes,yes,school,2021,15.0,1,,,,,,,
,masculine,8.0,,1,0,0,1.0,none,0,yes,yes,school,2021,13.0,1,,,,,,,
,masculine,8.0,other,1,0,0,0.0,,0,yes,yes,school,2021,14.0,1,,,,,,,
,feminine,8.0,,1,0,0,1.0,none,0,yes,yes,school,2021,14.0,1,,,,,,,
,feminine,12.0,,1,0,0,1.0,reptiles,0,yes,yes,school,2021,17.0,1,,,,,,,
,masculine,9.0,other,1,0,0,1.0,invertebrates,0,yes,unsure,other,2021,14.0,1,,,,,,,
,neutral,8.0,,1,0,0,0.0,invertebrates,0,yes,yes,school,2021,13.0,1,,,,,,,
1230.0,masculine,8.0,zoocamp,1,0,0,1.0,invertebrates,0,unsure,yes,school,2021,14.0,0,1230.0,13.82,8.65,119.54,WILD Steward,2021.0,4.0
1230.0,masculine,8.0,zoocamp,1,0,0,1.0,invertebrates,0,unsure,yes,school,2021,14.0,0,1230.0,19.07,8.65,164.96,WILD Steward,2021.0,5.0
1230.0,masculine,8.0,zoocamp,1,0,0,1.0,invertebrates,0,unsure,yes,school,2021,14.0,0,1230.0,7.2,8.65,62.28,WILD Steward,2021.0,6.0
1230.0,masculine,8.0,zoocamp,1,0,0,1.0,invertebrates,0,unsure,yes,school,2021,14.0,0,1230.0,83.62,10.0,836.1999999999999,WILD Steward,2021.0,6.0
1230.0,masculine,8.0,zoocamp,1,0,0,1.0,invertebrates,0,unsure,yes,school,2021,14.0,0,1230.0,24.57,10.0,245.7,WILD Steward,2021.0,7.0
1230.0,masculine,8.0,zoocamp,1,0,0,1.0,invertebrates,0,unsure,yes,school,2021,14.0,0,1230.0,31.39,10.0,313.9,WILD Steward,2021.0,8.0
1230.0,masculine,8.0,zoocamp,1,0,0,1.0,invertebrates,0,unsure,yes,school,2021,14.0,0,1230.0,13.32,10.0,133.2,WILD Steward,2021.0,9.0
1230.0,masculine,8.0,zoocamp,1,0,0,1.0,invertebrates,0,unsure,yes,school,2021,14.0,0,1230.0,12.4,10.0,124.0,WILD Steward,2021.0,10.0
1230.0,masculine,8.0,zoocamp,1,0,0,1.0,invertebrates,0,unsure,yes,school,2021,14.0,0,1230.0,6.05,13.5,81.68,WILD Steward,2021.0,10.0
1230.0,masculine,8.0,zoocamp,1,0,0,1.0,invertebrates,0,unsure,yes,school,2021,14.0,0,1230.0,6.0,13.5,81.01,WILD Steward,2021.0,11.0
1230.0,masculine,8.0,zoocamp,1,0,0,1.0,invertebrates,0,unsure,yes,school,2021,14.0,0,1230.0,29.31,13.5,395.71,WILD Steward,2021.0,12.0
1230.0,masculine,8.0,zoocamp,1,0,0,1.0,invertebrates,0,unsure,yes,school,2021,14.0,0,1230.0,13.36,13.5,180.36,WILD Steward,2022.0,1.0
1230.0,masculine,8.0,zoocamp,1,0,0,1.0,invertebrates,0,unsure,yes,school,2021,14.0,0,1230.0,8.1,13.5,109.36,WILD Steward,2022.0,2.0
1230.0,masculine,8.0,zoocamp,1,0,0,1.0,invertebrates,0,unsure,yes,school,2021,14.0,0,1230.0,50.62,13.5,683.39,WILD Steward,2022.0,3.0
,,10.0,,1,0,0,1.0,invertebrates,0,yes,yes,school,2021,15.0,1,,,,,,,
,masculine,9.0,,1,0,0,1.0,birds,0,,no,school,2021,14.0,1,,,,,,,
,masculine,8.0,,1,0,0,1.0,birds,0,yes,yes,school,2021,15.0,1,,,,,,,
,feminine,10.0,,0,0,0,1.0,invertebrates,0,yes,yes,school,2021,16.0,1,,,,,,,
,masculine,9.0,,1,0,0,1.0,none,0,yes,yes,other,2021,14.0,1,,,,,,,
,masculine,8.0,,1,1,0,1.0,invertebrates,0,yes,yes,school,2021,15.0,1,,,,,,,
,feminine,10.0,zoocamp,1,0,0,0.0,none,0,yes,yes,other,2021,15.0,1,,,,,,,
,feminine,,,0,0,0,1.0,none,0,yes,yes,school,2021,18.0,1,,,,,,,
1228.0,feminine,9.0,,1,0,0,1.0,invertebrates,0,yes,yes,friend,2021,15.0,0,1228.0,22.58,8.65,195.31,WILD Steward,2021.0,4.0
1228.0,feminine,9.0,,1,0,0,1.0,invertebrates,0,yes,yes,friend,2021,15.0,0,1228.0,26.0,8.65,224.91,WILD Steward,2021.0,5.0
1228.0,feminine,9.0,,1,0,0,1.0,invertebrates,0,yes,yes,friend,2021,15.0,0,1228.0,7.35,8.65,63.58,WILD Steward,2021.0,6.0
1228.0,feminine,9.0,,1,0,0,1.0,invertebrates,0,yes,yes,friend,2021,15.0,0,1228.0,105.72,10.0,1057.2,WILD Steward,2021.0,6.0
1228.0,feminine,9.0,,1,0,0,1.0,invertebrates,0,yes,yes,friend,2021,15.0,0,1228.0,152.99,10.0,1529.9,WILD Steward,2021.0,7.0
1228.0,feminine,9.0,,1,0,0,1.0,invertebrates,0,yes,yes,friend,2021,15.0,0,1228.0,39.98,10.0,399.8,WILD Steward,2021.0,8.0
1228.0,feminine,9.0,,1,0,0,1.0,invertebrates,0,yes,yes,friend,2021,15.0,0,1228.0,20.91,10.0,209.1,WILD Steward,2021.0,9.0
1228.0,feminine,9.0,,1,0,0,1.0,invertebrates,0,yes,yes,friend,2021,15.0,0,1228.0,28.67,10.0,286.7,WILD Steward,2021.0,10.0
1228.0,feminine,9.0,,1,0,0,1.0,invertebrates,0,yes,yes,friend,2021,15.0,0,1228.0,42.18,13.5,569.45,WILD Steward,2021.0,11.0
1228.0,feminine,9.0,,1,0,0,1.0,invertebrates,0,yes,yes,friend,2021,15.0,0,1228.0,63.85,13.5,862.01,WILD Steward,2021.0,12.0
1228.0,feminine,9.0,,1,0,0,1.0,invertebrates,0,yes,yes,friend,2021,15.0,0,1228.0,25.57,13.5,345.22,WILD Steward,2022.0,1.0
1228.0,feminine,9.0,,1,0,0,1.0,invertebrates,0,yes,yes,friend,2021,15.0,0,1228.0,19.12,13.5,258.12,WILD Steward,2022.0,2.0
1228.0,feminine,9.0,,1,0,0,1.0,invertebrates,0,yes,yes,friend,2021,15.0,0,1228.0,59.49,13.5,803.1499999999999,WILD Steward,2022.0,3.0
1228.0,feminine,9.0,,1,0,0,1.0,invertebrates,0,yes,yes,friend,2021,15.0,0,1228.0,30.53,13.5,412.17,WILD Steward,2022.0,4.0
1228.0,feminine,9.0,,1,0,0,1.0,invertebrates,0,yes,yes,friend,2021,15.0,0,1228.0,25.49,13.5,344.13,WILD Steward,2022.0,5.0
1228.0,feminine,9.0,,1,0,0,1.0,invertebrates,0,yes,yes,friend,2021,15.0,0,1228.0,85.94,13.5,1160.25,WILD Steward,2022.0,6.0
1228.0,feminine,9.0,,1,0,0,1.0,invertebrates,0,yes,yes,friend,2021,15.0,0,1228.0,94.78,13.5,1279.6,WILD Steward,2022.0,7.0
,feminine,9.0,,1,0,0,0.0,invertebrates,0,yes,yes,friend,2021,16.0,1,,,,,,,
1227.0,masculine,11.0,,1,0,0,1.0,invertebrates,0,yes,yes,family,2021,17.0,0,1227.0,22.72,8.65,196.53,WILD Steward,2021.0,4.0
1227.0,masculine,11.0,,1,0,0,1.0,invertebrates,0,yes,yes,family,2021,17.0,0,1227.0,25.85,8.65,223.61,WILD Steward,2021.0,5.0
1227.0,masculine,11.0,,1,0,0,1.0,invertebrates,0,yes,yes,family,2021,17.0,0,1227.0,7.28,8.65,62.97,WILD Steward,2021.0,6.0
1227.0,masculine,11.0,,1,0,0,1.0,invertebrates,0,yes,yes,family,2021,17.0,0,1227.0,104.9,10.0,1049.0,WILD Steward,2021.0,6.0
1227.0,masculine,11.0,,1,0,0,1.0,invertebrates,0,yes,yes,family,2021,17.0,0,1227.0,155.63,10.0,1556.3,WILD Steward,2021.0,7.0
1227.0,masculine,11.0,,1,0,0,1.0,invertebrates,0,yes,yes,family,2021,17.0,0,1227.0,53.44,10.0,534.4,WILD Steward,2021.0,8.0
1227.0,masculine,11.0,,1,0,0,1.0,invertebrates,0,yes,yes,family,2021,17.0,0,1227.0,28.41,10.0,284.1,WILD Steward,2021.0,9.0
1227.0,masculine,11.0,,1,0,0,1.0,invertebrates,0,yes,yes,family,2021,17.0,0,1227.0,17.78,10.0,177.8,WILD Steward,2021.0,10.0
1227.0,masculine,11.0,,1,0,0,1.0,invertebrates,0,yes,yes,family,2021,17.0,0,1227.0,33.61,13.5,453.75,WILD Steward,2021.0,11.0
1227.0,masculine,11.0,,1,0,0,1.0,invertebrates,0,yes,yes,family,2021,17.0,0,1227.0,42.98,13.5,580.25,WILD Steward,2021.0,12.0
1227.0,masculine,11.0,,1,0,0,1.0,invertebrates,0,yes,yes,family,2021,17.0,0,1227.0,6.53,13.5,88.16,WILD Steward,2022.0,1.0
1227.0,masculine,11.0,,1,0,0,1.0,invertebrates,0,yes,yes,family,2021,17.0,0,1227.0,19.25,13.5,259.89,WILD Steward,2022.0,2.0
1227.0,masculine,11.0,,1,0,0,1.0,invertebrates,0,yes,yes,family,2021,17.0,0,1227.0,55.97,13.5,755.6299999999999,WILD Steward,2022.0,3.0
1227.0,masculine,11.0,,1,0,0,1.0,invertebrates,0,yes,yes,family,2021,17.0,0,1227.0,24.52,13.5,331.03,WILD Steward,2022.0,4.0
1227.0,masculine,11.0,,1,0,0,1.0,invertebrates,0,yes,yes,family,2021,17.0,0,1227.0,34.26,13.5,462.54,WILD Steward,2022.0,5.0
,feminine,11.0,,0,0,0,1.0,reptiles,0,yes,no,school,2021,16.0,1,,,,,,,
,feminine,12.0,,0,0,0,1.0,none,0,yes,yes,school,2021,18.0,1,,,,,,,
,masculine,10.0,,1,1,0,1.0,none,0,yes,yes,school,2021,15.0,1,,,,,,,
,masculine,10.0,,1,0,0,1.0,invertebrates,0,yes,yes,school,2021,15.0,1,,,,,,,
,feminine,10.0,,1,0,0,1.0,invertebrates,0,yes,yes,other,2021,15.0,1,,,,,,,
,masculine,11.0,,0,0,0,1.0,none,0,yes,yes,friend,2021,16.0,1,,,,,,,
,feminine,11.0,,1,0,1,1.0,invertebrates,0,yes,yes,school,2021,17.0,1,,,,,,,
,masculine,11.0,,0,0,0,1.0,none,0,yes,unsure,school,2021,16.0,1,,,,,,,
,feminine,9.0,,1,0,0,1.0,birds,0,yes,yes,school,2021,14.0,1,,,,,,,
,,8.0,zoocamp,1,0,0,1.0,none,0,yes,yes,,2021,14.0,1,,,,,,,
,feminine,9.0,,1,0,0,1.0,none,0,yes,yes,other,2021,15.0,1,,,,,,,
,feminine,9.0,homeschool,1,1,0,1.0,invertebrates,0,unsure,yes,friend,2021,14.0,1,,,,,,,
,feminine,9.0,,1,0,1,1.0,none,0,yes,yes,,2021,14.0,1,,,,,,,
,feminine,,other,1,1,1,1.0,reptiles,0,yes,yes,school,2020,,1,,,,,,,
1157.0,masculine,10.0,,1,0,0,,none,0,yes,yes,school,2020,15.0,0,,,,,,,
,feminine,9.0,,1,0,0,,none,0,yes,yes,other,2020,15.0,1,,,,,,,
,feminine,9.0,,1,0,0,1.0,,0,yes,yes,other,2020,15.0,1,,,,,,,
,feminine,8.0,,1,0,0,,invertebrates,0,yes,yes,other,2020,14.0,1,,,,,,,
,neutral,,,0,0,1,1.0,reptiles,0,yes,yes,other,2020,24.0,1,,,,,,,
,masculine,8.0,,1,1,0,1.0,none,0,yes,yes,friend,2020,14.0,1,,,,,,,
,feminine,9.0,,1,1,0,,invertebrates,0,yes,yes,school,2020,14.0,1,,,,,,,
1160.0,feminine,10.0,,0,1,0,,invertebrates,0,yes,yes,other,2020,16.0,0,1160.0,33.9,8.56,290.1799999999999,WILD Steward,2020.0,12.0
1160.0,feminine,10.0,,0,1,0,,invertebrates,0,yes,yes,other,2020,16.0,0,1160.0,44.95,8.65,388.83,WILD Steward,2021.0,1.0
1160.0,feminine,10.0,,0,1,0,,invertebrates,0,yes,yes,other,2020,16.0,0,1160.0,37.36,8.65,323.17,WILD Steward,2021.0,2.0
1160.0,feminine,10.0,,0,1,0,,invertebrates,0,yes,yes,other,2020,16.0,0,1160.0,54.65,8.65,472.74,WILD Steward,2021.0,3.0
1160.0,feminine,10.0,,0,1,0,,invertebrates,0,yes,yes,other,2020,16.0,0,1160.0,44.78,8.65,387.35,WILD Steward,2021.0,4.0
1160.0,feminine,10.0,,0,1,0,,invertebrates,0,yes,yes,other,2020,16.0,0,1160.0,14.54,8.65,125.78,WILD Steward,2021.0,5.0
1160.0,feminine,10.0,,0,1,0,,invertebrates,0,yes,yes,other,2020,16.0,0,1160.0,3.87,8.65,33.48,WILD Steward,2021.0,6.0
1160.0,feminine,10.0,,0,1,0,,invertebrates,0,yes,yes,other,2020,16.0,0,1160.0,63.32,10.15,642.7099999999999,WILD Steward,2021.0,6.0
1160.0,feminine,10.0,,0,1,0,,invertebrates,0,yes,yes,other,2020,16.0,0,1160.0,60.4,10.15,613.05,WILD Ambassador,2021.0,6.0
1160.0,feminine,10.0,,0,1,0,,invertebrates,0,yes,yes,other,2020,16.0,0,1160.0,88.45,10.15,897.7799999999999,WILD Ambassador,2021.0,7.0
1160.0,feminine,10.0,,0,1,0,,invertebrates,0,yes,yes,other,2020,16.0,0,1160.0,66.95,10.15,679.55,WILD Ambassador,2021.0,8.0
1160.0,feminine,10.0,,0,1,0,,invertebrates,0,yes,yes,other,2020,16.0,0,1160.0,38.35,10.15,389.25,WILD Ambassador,2021.0,9.0
1160.0,feminine,10.0,,0,1,0,,invertebrates,0,yes,yes,other,2020,16.0,0,1160.0,37.29,10.15,378.5,WILD Ambassador,2021.0,10.0
1160.0,feminine,10.0,,0,1,0,,invertebrates,0,yes,yes,other,2020,16.0,0,1160.0,3.03,13.65,41.36,WILD Ambassador,2021.0,10.0
1160.0,feminine,10.0,,0,1,0,,invertebrates,0,yes,yes,other,2020,16.0,0,1160.0,38.77,13.65,529.24,WILD Ambassador,2021.0,11.0
1160.0,feminine,10.0,,0,1,0,,invertebrates,0,yes,yes,other,2020,16.0,0,1160.0,33.04,13.65,451.01,WILD Ambassador,2021.0,12.0
1160.0,feminine,10.0,,0,1,0,,invertebrates,0,yes,yes,other,2020,16.0,0,1160.0,17.6,13.65,240.23,WILD Ambassador,2022.0,1.0
1160.0,feminine,10.0,,0,1,0,,invertebrates,0,yes,yes,other,2020,16.0,0,1160.0,10.17,13.65,138.82,WILD Ambassador,2022.0,2.0
1160.0,feminine,10.0,,0,1,0,,invertebrates,0,yes,yes,other,2020,16.0,0,1160.0,13.39,13.65,182.78,WILD Ambassador,2022.0,3.0
1160.0,feminine,10.0,,0,1,0,,invertebrates,0,yes,yes,other,2020,16.0,0,1160.0,4.08,13.65,55.69,WILD Ambassador,2022.0,4.0
1160.0,feminine,10.0,,0,1,0,,invertebrates,0,yes,yes,other,2020,16.0,0,1160.0,19.43,13.65,265.22,WILD Ambassador,2022.0,5.0
,feminine,9.0,,1,0,0,1.0,reptiles,0,yes,yes,social media,2020,14.0,1,,,,,,,
,feminine,9.0,,1,0,0,,none,0,yes,,friend,2020,14.0,1,,,,,,,
,feminine,12.0,,1,0,0,,none,0,yes,yes,school,2020,19.0,1,,,,,,,
1155.0,masculine,10.0,,1,0,0,,none,0,yes,yes,school,2020,16.0,0,1155.0,18.12,8.56,155.1,WILD Steward,2020.0,12.0
1155.0,masculine,10.0,,1,0,0,,none,0,yes,yes,school,2020,16.0,0,1155.0,18.88,8.65,163.3,WILD Steward,2021.0,1.0
1155.0,masculine,10.0,,1,0,0,,none,0,yes,yes,school,2020,16.0,0,1155.0,21.68,8.65,187.54,WILD Steward,2021.0,2.0
1155.0,masculine,10.0,,1,0,0,,none,0,yes,yes,school,2020,16.0,0,1155.0,7.37,8.65,63.75,WILD Steward,2021.0,3.0
1155.0,masculine,10.0,,1,0,0,,none,0,yes,yes,school,2020,16.0,0,1155.0,18.78,8.65,162.45,WILD Steward,2021.0,4.0
1155.0,masculine,10.0,,1,0,0,,none,0,yes,yes,school,2020,16.0,0,1155.0,5.3,8.65,45.84,WILD Steward,2021.0,5.0
1155.0,masculine,10.0,,1,0,0,,none,0,yes,yes,school,2020,16.0,0,1155.0,37.63,10.15,381.95,WILD Steward,2021.0,6.0
1155.0,masculine,10.0,,1,0,0,,none,0,yes,yes,school,2020,16.0,0,1155.0,35.08,10.15,356.0700000000001,WILD Ambassador,2021.0,6.0
1155.0,masculine,10.0,,1,0,0,,none,0,yes,yes,school,2020,16.0,0,1155.0,37.72,10.15,382.87,WILD Ambassador,2021.0,7.0
,feminine,10.0,,1,0,0,,invertebrates,0,yes,yes,friend,2020,15.0,1,,,,,,,
,masculine,12.0,,1,0,0,,invertebrates,0,yes,yes,friend,2020,17.0,1,,,,,,,
,feminine,9.0,,1,0,0,,invertebrates,0,,yes,school,2020,15.0,1,,,,,,,
,masculine,9.0,,1,0,0,1.0,invertebrates,0,yes,yes,friend,2020,15.0,1,,,,,,,
,feminine,10.0,,0,1,0,,invertebrates,0,yes,yes,other,2020,16.0,1,,,,,,,
,masculine,9.0,,1,0,0,,reptiles,0,yes,yes,friend,2020,15.0,1,,,,,,,
,masculine,8.0,,1,0,0,,none,0,yes,yes,school,2020,15.0,1,,,,,,,
,feminine,10.0,,0,0,0,,none,0,yes,yes,school,2020,15.0,1,,,,,,,
,masculine,9.0,,1,0,0,1.0,invertebrates,0,,yes,friend,2020,15.0,1,,,,,,,
,masculine,10.0,,1,0,0,,invertebrates,0,yes,yes,school,2020,15.0,1,,,,,,,
1156.0,masculine,11.0,,1,0,0,1.0,none,0,yes,yes,school,2020,16.0,0,1156.0,31.14,8.56,266.55,WILD Steward,2020.0,12.0
1156.0,masculine,11.0,,1,0,0,1.0,none,0,yes,yes,school,2020,16.0,0,1156.0,32.97,8.65,285.18,WILD Steward,2021.0,1.0
1156.0,masculine,11.0,,1,0,0,1.0,none,0,yes,yes,school,2020,16.0,0,1156.0,28.35,8.65,245.23,WILD Steward,2021.0,2.0
1156.0,masculine,11.0,,1,0,0,1.0,none,0,yes,yes,school,2020,16.0,0,1156.0,37.2,8.65,321.8,WILD Steward,2021.0,3.0
1156.0,masculine,11.0,,1,0,0,1.0,none,0,yes,yes,school,2020,16.0,0,1156.0,25.66,8.65,221.97,WILD Steward,2021.0,4.0
1156.0,masculine,11.0,,1,0,0,1.0,none,0,yes,yes,school,2020,16.0,0,1156.0,32.21,8.65,278.6,WILD Steward,2021.0,5.0
1156.0,masculine,11.0,,1,0,0,1.0,none,0,yes,yes,school,2020,16.0,0,1156.0,7.92,8.65,68.51,WILD Steward,2021.0,6.0
,masculine,10.0,,0,0,0,1.0,none,0,yes,yes,school,2020,15.0,1,,,,,,,
,feminine,10.0,,0,0,0,,invertebrates,0,,yes,friend,2020,16.0,1,,,,,,,
,masculine,10.0,,1,0,0,,reptiles,0,yes,yes,school,2020,15.0,1,,,,,,,
,feminine,9.0,,1,0,0,1.0,reptiles,0,yes,yes,friend,2020,15.0,1,,,,,,,
,feminine,9.0,,1,0,0,,none,0,yes,yes,school,2020,16.0,1,,,,,,,
,feminine,11.0,,0,1,0,,reptiles,0,yes,yes,friend,2020,16.0,1,,,,,,,
,feminine,11.0,,1,0,0,,invertebrates,0,yes,,school,2020,16.0,1,,,,,,,
,masculine,11.0,,1,0,0,,invertebrates,0,yes,yes,other,2020,16.0,1,,,,,,,
,masculine,10.0,,1,0,0,1.0,invertebrates,0,yes,,school,2020,16.0,1,,,,,,,
,masculine,11.0,,1,0,1,1.0,none,0,yes,yes,school,2020,17.0,1,,,,,,,
1162.0,,8.0,homeschool,1,0,0,,none,0,yes,yes,social media,2020,12.0,0,1162.0,24.63,8.56,210.82,WILD Steward,2020.0,12.0
1162.0,,8.0,homeschool,1,0,0,,none,0,yes,yes,social media,2020,12.0,0,1162.0,24.14,8.65,208.81,WILD Steward,2021.0,1.0
1162.0,,8.0,homeschool,1,0,0,,none,0,yes,yes,social media,2020,12.0,0,1162.0,19.75,8.65,170.84,WILD Steward,2021.0,2.0
1162.0,,8.0,homeschool,1,0,0,,none,0,yes,yes,social media,2020,12.0,0,1162.0,26.25,8.65,227.07,WILD Steward,2021.0,3.0
1162.0,,8.0,homeschool,1,0,0,,none,0,yes,yes,social media,2020,12.0,0,1162.0,8.5,8.65,73.53,WILD Steward,2021.0,4.0
1162.0,,8.0,homeschool,1,0,0,,none,0,yes,yes,social media,2020,12.0,0,1162.0,31.25,8.65,270.32,WILD Steward,2021.0,5.0
1162.0,,8.0,homeschool,1,0,0,,none,0,yes,yes,social media,2020,12.0,0,1162.0,23.23,10.15,235.78,WILD Steward,2021.0,6.0
1162.0,,8.0,homeschool,1,0,0,,none,0,yes,yes,social media,2020,12.0,0,1162.0,34.96,10.15,354.87,WILD Ambassador,2021.0,6.0
1162.0,,8.0,homeschool,1,0,0,,none,0,yes,yes,social media,2020,12.0,0,1162.0,48.06,10.15,487.81,WILD Ambassador,2021.0,7.0
1162.0,,8.0,homeschool,1,0,0,,none,0,yes,yes,social media,2020,12.0,0,1162.0,36.16,10.15,367.03,WILD Ambassador,2021.0,8.0
1162.0,,8.0,homeschool,1,0,0,,none,0,yes,yes,social media,2020,12.0,0,1162.0,26.99,10.15,273.96,WILD Ambassador,2021.0,9.0
1162.0,,8.0,homeschool,1,0,0,,none,0,yes,yes,social media,2020,12.0,0,1162.0,17.33,10.15,175.9,WILD Ambassador,2021.0,10.0
1162.0,,8.0,homeschool,1,0,0,,none,0,yes,yes,social media,2020,12.0,0,1162.0,7.25,13.65,98.97,WILD Ambassador,2021.0,10.0
1162.0,,8.0,homeschool,1,0,0,,none,0,yes,yes,social media,2020,12.0,0,1162.0,38.25,13.65,522.13,WILD Ambassador,2021.0,12.0
1162.0,,8.0,homeschool,1,0,0,,none,0,yes,yes,social media,2020,12.0,0,1162.0,18.5,13.65,252.53,WILD Ambassador,2022.0,1.0
1162.0,,8.0,homeschool,1,0,0,,none,0,yes,yes,social media,2020,12.0,0,1162.0,29.75,13.65,406.11,WILD Ambassador,2022.0,2.0
1162.0,,8.0,homeschool,1,0,0,,none,0,yes,yes,social media,2020,12.0,0,1162.0,28.0,13.65,382.23,WILD Ambassador,2022.0,3.0
1162.0,,8.0,homeschool,1,0,0,,none,0,yes,yes,social media,2020,12.0,0,1162.0,21.5,13.65,293.49,WILD Ambassador,2022.0,4.0
1162.0,,8.0,homeschool,1,0,0,,none,0,yes,yes,social media,2020,12.0,0,1162.0,28.0,13.65,382.24,WILD Ambassador,2022.0,5.0
1162.0,,8.0,homeschool,1,0,0,,none,0,yes,yes,social media,2020,12.0,0,1162.0,65.0,13.65,887.3399999999999,WILD Ambassador,2022.0,6.0
1162.0,,8.0,homeschool,1,0,0,,none,0,yes,yes,social media,2020,12.0,0,1162.0,89.0,13.65,1214.87,WILD Ambassador,2022.0,7.0
1162.0,,8.0,homeschool,1,0,0,,none,0,yes,yes,social media,2020,12.0,0,1162.0,55.5,13.65,757.5799999999999,WILD Ambassador,2022.0,8.0
1162.0,,8.0,homeschool,1,0,0,,none,0,yes,yes,social media,2020,12.0,0,1162.0,28.0,13.65,382.21,WILD Ambassador,2022.0,9.0
1162.0,,8.0,homeschool,1,0,0,,none,0,yes,yes,social media,2020,12.0,0,1162.0,24.33,13.65,332.12,WILD Ambassador,2022.0,10.0
1162.0,,8.0,homeschool,1,0,0,,none,0,yes,yes,social media,2020,12.0,0,1162.0,20.5,13.65,279.84,WILD Ambassador,2022.0,11.0
1162.0,,8.0,homeschool,1,0,0,,none,0,yes,yes,social media,2020,12.0,0,1162.0,28.33,13.65,386.72,WILD Ambassador,2022.0,12.0
,feminine,9.0,,1,0,0,1.0,none,0,,,school,2020,14.0,1,,,,,,,
,neutral,11.0,,1,0,1,,none,0,yes,yes,school,2020,16.0,1,,,,,,,
,feminine,9.0,,1,0,0,,none,0,yes,,other,2020,16.0,1,,,,,,,
,feminine,10.0,,1,0,0,,none,0,yes,yes,school,2020,15.0,1,,,,,,,
,feminine,9.0,,1,1,0,,none,0,yes,,school,2020,15.0,1,,,,,,,
,feminine,9.0,,0,0,0,,none,0,yes,,other,2020,16.0,1,,,,,,,
,feminine,9.0,,1,0,0,,none,0,yes,yes,friend,2020,13.0,1,,,,,,,
,masculine,10.0,,1,0,0,1.0,none,0,yes,yes,friend,2020,16.0,1,,,,,,,
,masculine,11.0,,1,0,0,1.0,none,0,yes,yes,other,2020,17.0,1,,,,,,,
,feminine,9.0,,1,0,0,,none,0,yes,yes,other,2020,14.0,1,,,,,,,
,masculine,10.0,,1,0,0,,invertebrates,0,yes,yes,school,2020,15.0,1,,,,,,,
,masculine,9.0,,1,0,0,,invertebrates,0,yes,yes,other,2020,16.0,1,,,,,,,
,feminine,10.0,,1,0,0,1.0,none,0,yes,yes,other,2020,16.0,1,,,,,,,
,masculine,10.0,,1,0,0,,reptiles,0,yes,yes,school,2020,16.0,1,,,,,,,
,feminine,9.0,,0,1,0,1.0,invertebrates,0,yes,yes,school,2020,15.0,1,,,,,,,
,feminine,9.0,,1,0,0,1.0,invertebrates,0,yes,yes,school,2020,15.0,1,,,,,,,
,masculine,11.0,,1,0,0,1.0,none,0,yes,yes,school,2020,17.0,1,,,,,,,
1164.0,masculine,9.0,,1,1,1,1.0,none,0,yes,yes,school,2020,15.0,0,1164.0,17.53,8.56,150.06,WILD Steward,2020.0,12.0
1164.0,masculine,9.0,,1,1,1,1.0,none,0,yes,yes,school,2020,15.0,0,1164.0,17.0,8.65,147.06,WILD Steward,2021.0,1.0
1164.0,masculine,9.0,,1,1,1,1.0,none,0,yes,yes,school,2020,15.0,0,1164.0,29.0,8.65,250.86,WILD Steward,2021.0,2.0
1164.0,masculine,9.0,,1,1,1,1.0,none,0,yes,yes,school,2020,15.0,0,1164.0,11.5,8.65,99.48,WILD Steward,2021.0,3.0
1164.0,masculine,9.0,,1,1,1,1.0,none,0,yes,yes,school,2020,15.0,0,1164.0,19.96,8.65,172.67,WILD Steward,2021.0,4.0
1164.0,masculine,9.0,,1,1,1,1.0,none,0,yes,yes,school,2020,15.0,0,1164.0,22.83,8.65,197.48,WILD Steward,2021.0,5.0
1164.0,masculine,9.0,,1,1,1,1.0,none,0,yes,yes,school,2020,15.0,0,1164.0,7.35,8.65,63.58,WILD Steward,2021.0,6.0
1164.0,masculine,9.0,,1,1,1,1.0,none,0,yes,yes,school,2020,15.0,0,1164.0,46.24,10.15,469.33,WILD Steward,2021.0,6.0
1164.0,masculine,9.0,,1,1,1,1.0,none,0,yes,yes,school,2020,15.0,0,1164.0,62.69,10.15,636.29,WILD Ambassador,2021.0,6.0
1164.0,masculine,9.0,,1,1,1,1.0,none,0,yes,yes,school,2020,15.0,0,1164.0,118.95,10.15,1207.36,WILD Ambassador,2021.0,7.0
1164.0,masculine,9.0,,1,1,1,1.0,none,0,yes,yes,school,2020,15.0,0,1164.0,44.77,10.15,454.42,WILD Ambassador,2021.0,8.0
1164.0,masculine,9.0,,1,1,1,1.0,none,0,yes,yes,school,2020,15.0,0,1164.0,14.89,10.15,151.12,WILD Ambassador,2021.0,9.0
1164.0,masculine,9.0,,1,1,1,1.0,none,0,yes,yes,school,2020,15.0,0,1164.0,25.89,10.15,262.78,WILD Ambassador,2021.0,10.0
1164.0,masculine,9.0,,1,1,1,1.0,none,0,yes,yes,school,2020,15.0,0,1164.0,22.6,13.65,308.49,WILD Ambassador,2021.0,11.0
1164.0,masculine,9.0,,1,1,1,1.0,none,0,yes,yes,school,2020,15.0,0,1164.0,10.0,13.65,136.51,WILD Ambassador,2021.0,12.0
1164.0,masculine,9.0,,1,1,1,1.0,none,0,yes,yes,school,2020,15.0,0,1164.0,16.67,13.65,227.55,WILD Ambassador,2022.0,1.0
1164.0,masculine,9.0,,1,1,1,1.0,none,0,yes,yes,school,2020,15.0,0,1164.0,13.0,13.65,177.46,WILD Ambassador,2022.0,2.0
1164.0,masculine,9.0,,1,1,1,1.0,none,0,yes,yes,school,2020,15.0,0,1164.0,20.12,13.65,274.65,WILD Ambassador,2022.0,3.0
1164.0,masculine,9.0,,1,1,1,1.0,none,0,yes,yes,school,2020,15.0,0,1164.0,17.96,13.65,245.15,WILD Ambassador,2022.0,4.0
1164.0,masculine,9.0,,1,1,1,1.0,none,0,yes,yes,school,2020,15.0,0,1164.0,15.6,13.65,212.95,WILD Ambassador,2022.0,5.0
1164.0,masculine,9.0,,1,1,1,1.0,none,0,yes,yes,school,2020,15.0,0,1164.0,114.42,13.65,1561.86,WILD Ambassador,2022.0,6.0
1164.0,masculine,9.0,,1,1,1,1.0,none,0,yes,yes,school,2020,15.0,0,1164.0,99.15,13.65,1353.41,WILD Ambassador,2022.0,7.0
1164.0,masculine,9.0,,1,1,1,1.0,none,0,yes,yes,school,2020,15.0,0,1164.0,58.46,13.65,797.99,WILD Ambassador,2022.0,8.0
1164.0,masculine,9.0,,1,1,1,1.0,none,0,yes,yes,school,2020,15.0,0,1164.0,18.73,13.65,255.67,WILD Ambassador,2022.0,10.0
,masculine,11.0,,0,0,0,,none,0,yes,yes,other,2020,17.0,1,,,,,,,
,masculine,10.0,,1,1,0,,reptiles,0,yes,yes,other,2020,16.0,1,,,,,,,
,masculine,12.0,,0,1,0,,invertebrates,0,yes,yes,other,2020,17.0,1,,,,,,,
,feminine,8.0,,1,0,0,,none,0,,yes,social media,2020,14.0,1,,,,,,,
,feminine,9.0,,1,1,0,,none,0,yes,yes,school,2020,15.0,1,,,,,,,
,feminine,9.0,,1,1,0,1.0,mammals,0,yes,yes,school,2020,15.0,1,,,,,,,
,masculine,9.0,,0,0,0,,invertebrates,0,yes,yes,other,2020,14.0,1,,,,,,,
1161.0,feminine,10.0,,1,0,0,,invertebrates,0,yes,yes,other,2020,15.0,0,1161.0,37.54,8.56,321.33,WILD Steward,2020.0,12.0
1161.0,feminine,10.0,,1,0,0,,invertebrates,0,yes,yes,other,2020,15.0,0,1161.0,3.52,8.56,30.13,WILD Steward,2020.0,12.0
1161.0,feminine,10.0,,1,0,0,,invertebrates,0,yes,yes,other,2020,15.0,0,1161.0,33.52,8.65,289.95,WILD Steward,2021.0,1.0
1161.0,feminine,10.0,,1,0,0,,invertebrates,0,yes,yes,other,2020,15.0,0,1161.0,22.92,8.65,198.25,WILD Steward,2021.0,2.0
1161.0,feminine,10.0,,1,0,0,,invertebrates,0,yes,yes,other,2020,15.0,0,1161.0,12.18,8.65,105.36,WILD Steward,2021.0,2.0
1161.0,feminine,10.0,,1,0,0,,invertebrates,0,yes,yes,other,2020,15.0,0,1161.0,7.0,8.65,60.55,WILD Steward,2021.0,3.0
1161.0,feminine,10.0,,1,0,0,,invertebrates,0,yes,yes,other,2020,15.0,0,1161.0,12.23,8.65,105.8,WILD Steward,2021.0,4.0
1161.0,feminine,10.0,,1,0,0,,invertebrates,0,yes,yes,other,2020,15.0,0,1161.0,31.61,8.65,273.4299999999999,WILD Steward,2021.0,5.0
1161.0,feminine,10.0,,1,0,0,,invertebrates,0,yes,yes,other,2020,15.0,0,1161.0,7.82,8.65,67.65,WILD Steward,2021.0,6.0
1161.0,feminine,10.0,,1,0,0,,invertebrates,0,yes,yes,other,2020,15.0,0,1161.0,8.02,10.15,81.4,WILD Steward,2021.0,6.0
1161.0,feminine,10.0,,1,0,0,,invertebrates,0,yes,yes,other,2020,15.0,0,1161.0,63.85,10.15,648.09,WILD Ambassador,2021.0,6.0
1161.0,feminine,10.0,,1,0,0,,invertebrates,0,yes,yes,other,2020,15.0,0,1161.0,25.46,10.15,258.42,WILD Steward,2021.0,6.0
1161.0,feminine,10.0,,1,0,0,,invertebrates,0,yes,yes,other,2020,15.0,0,1161.0,3.42,10.15,34.71,WILD Ambassador,2021.0,6.0
1161.0,feminine,10.0,,1,0,0,,invertebrates,0,yes,yes,other,2020,15.0,0,1161.0,58.59,10.15,594.71,WILD Ambassador,2021.0,7.0
1161.0,feminine,10.0,,1,0,0,,invertebrates,0,yes,yes,other,2020,15.0,0,1161.0,32.43,10.15,329.18,WILD Ambassador,2021.0,7.0
1161.0,feminine,10.0,,1,0,0,,invertebrates,0,yes,yes,other,2020,15.0,0,1161.0,57.21,10.15,580.6800000000001,WILD Ambassador,2021.0,8.0
1161.0,feminine,10.0,,1,0,0,,invertebrates,0,yes,yes,other,2020,15.0,0,1161.0,43.24,10.15,438.89,WILD Ambassador,2021.0,9.0
1161.0,feminine,10.0,,1,0,0,,invertebrates,0,yes,yes,other,2020,15.0,0,1161.0,10.98,10.15,111.45,WILD Ambassador,2021.0,9.0
1161.0,feminine,10.0,,1,0,0,,invertebrates,0,yes,yes,other,2020,15.0,0,1161.0,24.17,10.15,245.33,WILD Ambassador,2021.0,10.0
1161.0,feminine,10.0,,1,0,0,,invertebrates,0,yes,yes,other,2020,15.0,0,1161.0,6.37,13.65,86.95,WILD Ambassador,2021.0,10.0
1161.0,feminine,10.0,,1,0,0,,invertebrates,0,yes,yes,other,2020,15.0,0,1161.0,30.24,13.65,412.78,WILD Ambassador,2021.0,11.0
1161.0,feminine,10.0,,1,0,0,,invertebrates,0,yes,yes,other,2020,15.0,0,1161.0,26.07,13.65,355.86,WILD Ambassador,2021.0,12.0
1161.0,feminine,10.0,,1,0,0,,invertebrates,0,yes,yes,other,2020,15.0,0,1161.0,7.05,13.65,96.23,WILD Ambassador,2022.0,1.0
1161.0,feminine,10.0,,1,0,0,,invertebrates,0,yes,yes,other,2020,15.0,0,1161.0,14.14,13.65,193.01,WILD Ambassador,2022.0,1.0
1161.0,feminine,10.0,,1,0,0,,invertebrates,0,yes,yes,other,2020,15.0,0,1161.0,7.93,13.65,108.24,WILD Ambassador,2022.0,2.0
1161.0,feminine,10.0,,1,0,0,,invertebrates,0,yes,yes,other,2020,15.0,0,1161.0,7.9,13.65,107.83,WILD Ambassador,2022.0,2.0
1161.0,feminine,10.0,,1,0,0,,invertebrates,0,yes,yes,other,2020,15.0,0,1161.0,46.11,13.65,629.42,WILD Ambassador,2022.0,3.0
1161.0,feminine,10.0,,1,0,0,,invertebrates,0,yes,yes,other,2020,15.0,0,1161.0,6.5,13.65,88.73,WILD Ambassador,2022.0,4.0
1161.0,feminine,10.0,,1,0,0,,invertebrates,0,yes,yes,other,2020,15.0,0,1161.0,17.0,13.65,232.06,WILD Ambassador,2022.0,5.0
,feminine,9.0,,1,0,0,,invertebrates,0,yes,yes,school,2020,15.0,1,,,,,,,
1165.0,masculine,10.0,,1,0,0,1.0,none,0,yes,yes,school,2020,15.0,0,1165.0,6.1,8.56,52.22,WILD Steward,2020.0,12.0
1165.0,masculine,10.0,,1,0,0,1.0,none,0,yes,yes,school,2020,15.0,0,1165.0,20.05,8.65,173.44,WILD Steward,2021.0,1.0
1165.0,masculine,10.0,,1,0,0,1.0,none,0,yes,yes,school,2020,15.0,0,1165.0,24.49,8.65,211.84,WILD Steward,2021.0,2.0
1165.0,masculine,10.0,,1,0,0,1.0,none,0,yes,yes,school,2020,15.0,0,1165.0,20.0,8.65,173.01,WILD Steward,2021.0,3.0
1165.0,masculine,10.0,,1,0,0,1.0,none,0,yes,yes,school,2020,15.0,0,1165.0,23.75,8.65,205.46,WILD Steward,2021.0,4.0
1165.0,masculine,10.0,,1,0,0,1.0,none,0,yes,yes,school,2020,15.0,0,1165.0,19.5,8.65,168.68,WILD Steward,2021.0,5.0
1165.0,masculine,10.0,,1,0,0,1.0,none,0,yes,yes,school,2020,15.0,0,1165.0,38.74,10.15,393.21,WILD Ambassador,2021.0,6.0
1165.0,masculine,10.0,,1,0,0,1.0,none,0,yes,yes,school,2020,15.0,0,1165.0,15.0,10.15,152.25,WILD Ambassador,2021.0,7.0
,feminine,10.0,,0,0,0,1.0,none,0,yes,yes,school,2020,15.0,1,,,,,,,
,feminine,10.0,,1,1,0,1.0,reptiles,0,yes,yes,school,2020,15.0,1,,,,,,,
,feminine,11.0,,1,0,0,,invertebrates,0,yes,yes,school,2020,17.0,1,,,,,,,
,feminine,9.0,,1,0,0,,none,0,yes,yes,school,2020,15.0,1,,,,,,,
,masculine,9.0,,1,0,0,,reptiles,0,yes,yes,friend,2020,15.0,1,,,,,,,
,masculine,9.0,,0,1,0,1.0,none,0,yes,yes,friend,2020,15.0,1,,,,,,,
,masculine,11.0,,1,0,0,,none,0,yes,,school,2020,16.0,1,,,,,,,
,masculine,10.0,,1,0,0,,none,0,yes,yes,school,2020,16.0,1,,,,,,,
,feminine,9.0,,1,0,0,,reptiles,0,yes,yes,friend,2020,15.0,1,,,,,,,
,feminine,10.0,,1,0,0,,mammals,0,yes,yes,school,2020,15.0,1,,,,,,,
,feminine,10.0,,1,1,0,,invertebrates,0,yes,yes,friend,2020,16.0,1,,,,,,,
,feminine,10.0,,1,1,0,1.0,invertebrates,0,yes,yes,school,2020,16.0,1,,,,,,,
,feminine,10.0,,1,0,0,1.0,invertebrates,0,yes,,school,2020,16.0,1,,,,,,,
,feminine,9.0,,1,0,0,1.0,none,0,yes,yes,school,2020,15.0,1,,,,,,,
,feminine,8.0,,1,0,0,1.0,none,0,,,friend,2020,14.0,1,,,,,,,
,feminine,9.0,,1,0,0,,none,0,yes,yes,school,2020,16.0,1,,,,,,,
,feminine,9.0,,1,0,0,1.0,none,0,yes,yes,school,2020,14.0,1,,,,,,,
,feminine,9.0,,1,0,0,,none,0,yes,yes,other,2020,15.0,1,,,,,,,
,feminine,11.0,,0,0,1,,invertebrates,0,yes,yes,school,2020,17.0,1,,,,,,,
,masculine,9.0,,1,0,0,,none,0,yes,yes,school,2020,14.0,1,,,,,,,
,feminine,9.0,,1,1,0,,invertebrates,0,yes,yes,friend,2020,14.0,1,,,,,,,
,masculine,9.0,zoocamp,0,0,0,1.0,none,0,yes,yes,other,2020,14.0,1,,,,,,,
,masculine,10.0,,1,0,0,,invertebrates,0,yes,yes,school,2020,15.0,1,,,,,,,
,masculine,8.0,,1,0,0,,none,0,yes,yes,friend,2020,13.0,1,,,,,,,
,feminine,9.0,,1,1,0,1.0,none,0,yes,yes,school,2020,14.0,1,,,,,,,
,feminine,10.0,,1,1,0,1.0,invertebrates,0,yes,yes,friend,2020,15.0,1,,,,,,,
,feminine,9.0,,1,0,0,,invertebrates,0,yes,yes,school,2020,15.0,1,,,,,,,
,feminine,10.0,,1,0,0,,invertebrates,0,yes,yes,school,2020,15.0,1,,,,,,,
,neutral,11.0,,1,0,0,,invertebrates,0,yes,yes,school,2020,17.0,1,,,,,,,
,feminine,10.0,,0,1,0,1.0,invertebrates,0,yes,yes,school,2020,15.0,1,,,,,,,
1164.0,masculine,9.0,,1,0,0,1.0,none,0,yes,yes,school,2020,15.0,0,1164.0,17.53,8.56,150.06,WILD Steward,2020.0,12.0
1164.0,masculine,9.0,,1,0,0,1.0,none,0,yes,yes,school,2020,15.0,0,1164.0,17.0,8.65,147.06,WILD Steward,2021.0,1.0
1164.0,masculine,9.0,,1,0,0,1.0,none,0,yes,yes,school,2020,15.0,0,1164.0,29.0,8.65,250.86,WILD Steward,2021.0,2.0
1164.0,masculine,9.0,,1,0,0,1.0,none,0,yes,yes,school,2020,15.0,0,1164.0,11.5,8.65,99.48,WILD Steward,2021.0,3.0
1164.0,masculine,9.0,,1,0,0,1.0,none,0,yes,yes,school,2020,15.0,0,1164.0,19.96,8.65,172.67,WILD Steward,2021.0,4.0
1164.0,masculine,9.0,,1,0,0,1.0,none,0,yes,yes,school,2020,15.0,0,1164.0,22.83,8.65,197.48,WILD Steward,2021.0,5.0
1164.0,masculine,9.0,,1,0,0,1.0,none,0,yes,yes,school,2020,15.0,0,1164.0,7.35,8.65,63.58,WILD Steward,2021.0,6.0
1164.0,masculine,9.0,,1,0,0,1.0,none,0,yes,yes,school,2020,15.0,0,1164.0,46.24,10.15,469.33,WILD Steward,2021.0,6.0
1164.0,masculine,9.0,,1,0,0,1.0,none,0,yes,yes,school,2020,15.0,0,1164.0,62.69,10.15,636.29,WILD Ambassador,2021.0,6.0
1164.0,masculine,9.0,,1,0,0,1.0,none,0,yes,yes,school,2020,15.0,0,1164.0,118.95,10.15,1207.36,WILD Ambassador,2021.0,7.0
1164.0,masculine,9.0,,1,0,0,1.0,none,0,yes,yes,school,2020,15.0,0,1164.0,44.77,10.15,454.42,WILD Ambassador,2021.0,8.0
1164.0,masculine,9.0,,1,0,0,1.0,none,0,yes,yes,school,2020,15.0,0,1164.0,14.89,10.15,151.12,WILD Ambassador,2021.0,9.0
1164.0,masculine,9.0,,1,0,0,1.0,none,0,yes,yes,school,2020,15.0,0,1164.0,25.89,10.15,262.78,WILD Ambassador,2021.0,10.0
1164.0,masculine,9.0,,1,0,0,1.0,none,0,yes,yes,school,2020,15.0,0,1164.0,22.6,13.65,308.49,WILD Ambassador,2021.0,11.0
1164.0,masculine,9.0,,1,0,0,1.0,none,0,yes,yes,school,2020,15.0,0,1164.0,10.0,13.65,136.51,WILD Ambassador,2021.0,12.0
1164.0,masculine,9.0,,1,0,0,1.0,none,0,yes,yes,school,2020,15.0,0,1164.0,16.67,13.65,227.55,WILD Ambassador,2022.0,1.0
1164.0,masculine,9.0,,1,0,0,1.0,none,0,yes,yes,school,2020,15.0,0,1164.0,13.0,13.65,177.46,WILD Ambassador,2022.0,2.0
1164.0,masculine,9.0,,1,0,0,1.0,none,0,yes,yes,school,2020,15.0,0,1164.0,20.12,13.65,274.65,WILD Ambassador,2022.0,3.0
1164.0,masculine,9.0,,1,0,0,1.0,none,0,yes,yes,school,2020,15.0,0,1164.0,17.96,13.65,245.15,WILD Ambassador,2022.0,4.0
1164.0,masculine,9.0,,1,0,0,1.0,none,0,yes,yes,school,2020,15.0,0,1164.0,15.6,13.65,212.95,WILD Ambassador,2022.0,5.0
1164.0,masculine,9.0,,1,0,0,1.0,none,0,yes,yes,school,2020,15.0,0,1164.0,114.42,13.65,1561.86,WILD Ambassador,2022.0,6.0
1164.0,masculine,9.0,,1,0,0,1.0,none,0,yes,yes,school,2020,15.0,0,1164.0,99.15,13.65,1353.41,WILD Ambassador,2022.0,7.0
1164.0,masculine,9.0,,1,0,0,1.0,none,0,yes,yes,school,2020,15.0,0,1164.0,58.46,13.65,797.99,WILD Ambassador,2022.0,8.0
1164.0,masculine,9.0,,1,0,0,1.0,none,0,yes,yes,school,2020,15.0,0,1164.0,18.73,13.65,255.67,WILD Ambassador,2022.0,10.0
,feminine,9.0,,1,0,0,,invertebrates,0,,yes,school,2020,15.0,1,,,,,,,
,masculine,10.0,,0,0,0,,invertebrates,0,,yes,school,2020,16.0,1,,,,,,,
,feminine,10.0,,1,0,0,,mammals,0,yes,yes,school,2020,15.0,1,,,,,,,
,feminine,11.0,,1,0,0,,invertebrates,0,yes,,school,2020,16.0,1,,,,,,,
,feminine,9.0,,1,0,0,,none,0,yes,yes,school,2020,15.0,1,,,,,,,
,feminine,9.0,,1,0,0,,invertebrates,0,yes,yes,school,2020,14.0,1,,,,,,,
,feminine,10.0,,1,1,0,,mammals,0,yes,yes,school,2020,15.0,1,,,,,,,
,feminine,10.0,,1,0,0,1.0,none,0,yes,yes,school,2020,16.0,1,,,,,,,
,feminine,11.0,,1,1,0,,reptiles,0,yes,yes,school,2020,17.0,1,,,,,,,
,feminine,11.0,,1,1,0,,none,0,yes,yes,school,2020,16.0,1,,,,,,,
,feminine,10.0,,1,1,0,1.0,invertebrates,0,yes,yes,school,2020,15.0,1,,,,,,,
,feminine,11.0,,0,0,0,1.0,invertebrates,0,yes,yes,school,2020,16.0,1,,,,,,,
,masculine,9.0,,1,1,0,,none,0,yes,yes,school,2020,15.0,1,,,,,,,
,masculine,10.0,,1,0,0,1.0,none,0,yes,yes,school,2020,15.0,1,,,,,,,
,feminine,10.0,,1,0,0,,none,0,,,school,2020,15.0,1,,,,,,,
,masculine,10.0,,1,0,0,1.0,mammals,0,,yes,school,2020,16.0,1,,,,,,,
,feminine,10.0,,1,0,0,1.0,birds,0,yes,yes,friend,2020,15.0,1,,,,,,,
,feminine,10.0,,1,1,0,1.0,mammals,0,yes,yes,other,2020,16.0,1,,,,,,,
,masculine,10.0,,0,0,0,1.0,none,0,,yes,school,2020,16.0,1,,,,,,,
,feminine,9.0,,1,0,0,,none,0,yes,yes,other,2020,15.0,1,,,,,,,
,feminine,11.0,,1,0,0,,birds,0,yes,yes,school,2020,16.0,1,,,,,,,
,feminine,9.0,,1,0,0,1.0,invertebrates,0,yes,yes,friend,2020,15.0,1,,,,,,,
,masculine,8.0,,1,0,0,1.0,invertebrates,0,yes,yes,other,2020,13.0,1,,,,,,,
,feminine,11.0,,0,1,0,1.0,none,0,yes,yes,friend,2020,16.0,1,,,,,,,
,feminine,10.0,,0,0,0,,invertebrates,0,yes,yes,friend,2020,16.0,1,,,,,,,
,feminine,10.0,,1,0,0,,invertebrates,0,yes,yes,friend,2020,15.0,1,,,,,,,
,feminine,9.0,,1,1,1,,invertebrates,0,yes,yes,other,2020,14.0,1,,,,,,,
,masculine,8.0,,1,1,0,,reptiles,0,yes,,school,2020,14.0,1,,,,,,,
,feminine,9.0,,1,0,0,,reptiles,0,yes,yes,friend,2020,14.0,1,,,,,,,
,feminine,10.0,,0,0,0,,invertebrates,0,yes,yes,school,2020,16.0,1,,,,,,,
,feminine,12.0,,1,1,0,,none,0,yes,yes,other,2020,18.0,1,,,,,,,
,feminine,9.0,,1,0,0,1.0,none,0,yes,yes,school,2020,14.0,1,,,,,,,
,masculine,9.0,,1,0,0,,none,0,yes,yes,social media,2020,15.0,1,,,,,,,
,feminine,10.0,,0,0,0,1.0,none,0,yes,yes,school,2020,16.0,1,,,,,,,
,masculine,10.0,,1,0,0,1.0,none,0,yes,yes,social media,2020,16.0,1,,,,,,,
,feminine,10.0,,1,0,0,1.0,invertebrates,0,yes,yes,friend,2020,16.0,1,,,,,,,
,masculine,9.0,,1,0,0,,none,0,yes,yes,friend,2020,15.0,1,,,,,,,
,,11.0,,0,0,0,,none,0,yes,yes,school,2020,17.0,1,,,,,,,
,masculine,11.0,,0,0,0,,reptiles,0,yes,yes,school,2020,17.0,1,,,,,,,
,feminine,10.0,,1,1,1,1.0,invertebrates,0,,yes,friend,2020,16.0,1,,,,,,,
,masculine,12.0,,0,0,0,,none,0,yes,yes,school,2020,18.0,1,,,,,,,
,feminine,11.0,,1,0,0,,none,0,,yes,friend,2020,17.0,1,,,,,,,
,feminine,9.0,,1,0,0,,reptiles,0,yes,yes,other,2020,15.0,1,,,,,,,
,feminine,10.0,,1,1,0,,invertebrates,0,yes,yes,friend,2020,16.0,1,,,,,,,
,feminine,10.0,,1,0,0,,invertebrates,0,yes,yes,school,2020,16.0,1,,,,,,,
,masculine,12.0,,0,0,0,,invertebrates,0,yes,yes,friend,2020,18.0,1,,,,,,,
,feminine,11.0,,1,0,0,1.0,invertebrates,0,yes,,friend,2020,16.0,1,,,,,,,
,feminine,9.0,,1,1,0,1.0,birds,0,yes,yes,friend,2020,14.0,1,,,,,,,
1163.0,masculine,10.0,,1,1,1,1.0,invertebrates,0,yes,yes,friend,2020,16.0,0,1163.0,36.08,8.56,308.84,WILD Steward,2020.0,12.0
1163.0,masculine,10.0,,1,1,1,1.0,invertebrates,0,yes,yes,friend,2020,16.0,0,1163.0,32.52,8.65,281.3,WILD Steward,2021.0,1.0
1163.0,masculine,10.0,,1,1,1,1.0,invertebrates,0,yes,yes,friend,2020,16.0,0,1163.0,22.42,8.65,193.94,WILD Steward,2021.0,2.0
1163.0,masculine,10.0,,1,1,1,1.0,invertebrates,0,yes,yes,friend,2020,16.0,0,1163.0,57.98,8.65,501.54,WILD Steward,2021.0,3.0
1163.0,masculine,10.0,,1,1,1,1.0,invertebrates,0,yes,yes,friend,2020,16.0,0,1163.0,54.28,8.65,469.53,WILD Steward,2021.0,4.0
1163.0,masculine,10.0,,1,1,1,1.0,invertebrates,0,yes,yes,friend,2020,16.0,0,1163.0,27.44,8.65,237.36,WILD Steward,2021.0,5.0
1163.0,masculine,10.0,,1,1,1,1.0,invertebrates,0,yes,yes,friend,2020,16.0,0,1163.0,13.27,8.65,114.79,WILD Steward,2021.0,6.0
1163.0,masculine,10.0,,1,1,1,1.0,invertebrates,0,yes,yes,friend,2020,16.0,0,1163.0,3.95,10.45,41.28,W.I.L.D. Champion,2021.0,6.0
1163.0,masculine,10.0,,1,1,1,1.0,invertebrates,0,yes,yes,friend,2020,16.0,0,1163.0,133.29,10.45,1392.91,W.I.L.D. Champion,2021.0,7.0
1163.0,masculine,10.0,,1,1,1,1.0,invertebrates,0,yes,yes,friend,2020,16.0,0,1163.0,0.8,15.68,12.54,W.I.L.D. Champion,2021.0,7.0
1163.0,masculine,10.0,,1,1,1,1.0,invertebrates,0,yes,yes,friend,2020,16.0,0,1163.0,62.83,10.45,656.5699999999999,W.I.L.D. Champion,2021.0,8.0
1163.0,masculine,10.0,,1,1,1,1.0,invertebrates,0,yes,yes,friend,2020,16.0,0,1163.0,58.45,10.45,610.82,W.I.L.D. Champion,2021.0,9.0
1163.0,masculine,10.0,,1,1,1,1.0,invertebrates,0,yes,yes,friend,2020,16.0,0,1163.0,44.37,10.45,463.67,W.I.L.D. Champion,2021.0,10.0
1163.0,masculine,10.0,,1,1,1,1.0,invertebrates,0,yes,yes,friend,2020,16.0,0,1163.0,8.37,13.95,116.76,W.I.L.D. Champion,2021.0,10.0
1163.0,masculine,10.0,,1,1,1,1.0,invertebrates,0,yes,yes,friend,2020,16.0,0,1163.0,47.51,13.95,662.77,W.I.L.D. Champion,2021.0,11.0
1163.0,masculine,10.0,,1,1,1,1.0,invertebrates,0,yes,yes,friend,2020,16.0,0,1163.0,64.52,13.95,900.05,W.I.L.D. Champion,2021.0,12.0
1163.0,masculine,10.0,,1,1,1,1.0,invertebrates,0,yes,yes,friend,2020,16.0,0,1163.0,21.6,13.95,301.33,W.I.L.D. Champion,2022.0,1.0
1163.0,masculine,10.0,,1,1,1,1.0,invertebrates,0,yes,yes,friend,2020,16.0,0,1163.0,27.06,13.95,377.5000000000001,W.I.L.D. Champion,2022.0,2.0
1163.0,masculine,10.0,,1,1,1,1.0,invertebrates,0,yes,yes,friend,2020,16.0,0,1163.0,48.28,13.95,673.52,W.I.L.D. Champion,2022.0,3.0
1163.0,masculine,10.0,,1,1,1,1.0,invertebrates,0,yes,yes,friend,2020,16.0,0,1163.0,20.26,13.95,282.63,W.I.L.D. Champion,2022.0,4.0
1163.0,masculine,10.0,,1,1,1,1.0,invertebrates,0,yes,yes,friend,2020,16.0,0,1163.0,18.78,13.95,261.97,W.I.L.D. Champion,2022.0,5.0
,feminine,11.0,,1,0,0,1.0,none,0,yes,yes,friend,2020,17.0,1,,,,,,,
,feminine,10.0,,1,1,0,,none,0,yes,yes,school,2020,15.0,1,,,,,,,
,feminine,12.0,,0,0,0,,none,0,yes,yes,school,2020,17.0,1,,,,,,,
,feminine,10.0,,1,0,0,1.0,none,0,yes,yes,school,2020,16.0,1,,,,,,,
,feminine,10.0,,1,0,1,1.0,invertebrates,0,yes,yes,other,2020,15.0,1,,,,,,,
,masculine,10.0,,1,0,0,1.0,none,0,yes,yes,friend,2020,15.0,1,,,,,,,
,feminine,10.0,,1,0,0,1.0,none,0,yes,yes,friend,2020,15.0,1,,,,,,,
,feminine,9.0,,1,1,0,1.0,none,0,yes,yes,friend,2020,15.0,1,,,,,,,
,feminine,11.0,,1,0,0,,reptiles,0,yes,,school,2020,16.0,1,,,,,,,
,feminine,10.0,,1,0,0,,invertebrates,0,yes,,school,2020,15.0,1,,,,,,,
,feminine,10.0,,1,0,0,,none,0,,yes,school,2020,16.0,1,,,,,,,
,feminine,10.0,,1,0,0,,invertebrates,0,yes,yes,school,2020,16.0,1,,,,,,,
,masculine,11.0,zoocamp,1,0,0,1.0,none,0,yes,yes,school,2020,17.0,1,,,,,,,
,feminine,11.0,,0,0,0,1.0,none,0,yes,yes,school,2020,16.0,1,,,,,,,
,masculine,11.0,,1,0,0,,none,0,yes,yes,school,2020,17.0,1,,,,,,,
,feminine,11.0,,1,1,1,,none,0,yes,yes,friend,2020,17.0,1,,,,,,,
,masculine,9.0,,1,0,0,,reptiles,0,yes,yes,friend,2020,15.0,1,,,,,,,
,masculine,11.0,,0,0,0,,none,0,yes,yes,school,2020,17.0,1,,,,,,,
,masculine,9.0,,1,0,0,,none,0,yes,yes,school,2020,15.0,1,,,,,,,
,feminine,8.0,,1,1,0,,birds,0,yes,yes,friend,2020,13.0,1,,,,,,,
,masculine,9.0,,1,1,1,1.0,invertebrates,0,yes,yes,friend,2020,15.0,1,,,,,,,
,feminine,9.0,,1,1,1,,invertebrates,0,yes,yes,friend,2020,15.0,1,,,,,,,
,feminine,9.0,,1,1,1,,invertebrates,0,yes,yes,other,2020,14.0,1,,,,,,,
,masculine,10.0,,1,0,0,,invertebrates,0,yes,yes,other,2020,16.0,1,,,,,,,
,masculine,9.0,,1,1,1,,invertebrates,0,yes,yes,other,2020,15.0,1,,,,,,,
,feminine,10.0,,1,0,0,,reptiles,0,yes,yes,social media,2020,15.0,1,,,,,,,
,masculine,8.0,,1,0,0,,none,0,yes,yes,other,2020,14.0,1,,,,,,,
1154.0,masculine,9.0,,0,1,0,1.0,reptiles,0,yes,yes,friend,2020,14.0,0,1154.0,30.93,8.56,264.76,WILD Steward,2020.0,12.0
1154.0,masculine,9.0,,0,1,0,1.0,reptiles,0,yes,yes,friend,2020,14.0,0,1154.0,27.57,8.65,238.49,WILD Steward,2021.0,1.0
1154.0,masculine,9.0,,0,1,0,1.0,reptiles,0,yes,yes,friend,2020,14.0,0,1154.0,20.5,8.65,177.34,WILD Steward,2021.0,2.0
1154.0,masculine,9.0,,0,1,0,1.0,reptiles,0,yes,yes,friend,2020,14.0,0,1154.0,26.5,8.65,229.24,WILD Steward,2021.0,3.0
1154.0,masculine,9.0,,0,1,0,1.0,reptiles,0,yes,yes,friend,2020,14.0,0,1154.0,24.79,8.65,214.46,WILD Steward,2021.0,4.0
1154.0,masculine,9.0,,0,1,0,1.0,reptiles,0,yes,yes,friend,2020,14.0,0,1154.0,18.7,8.65,161.75,WILD Steward,2021.0,5.0
,feminine,10.0,,0,1,0,1.0,none,0,yes,yes,other,2020,16.0,1,,,,,,,
,feminine,10.0,,1,1,0,,none,0,yes,yes,friend,2020,17.0,1,,,,,,,
1177.0,feminine,9.0,,1,1,0,,reptiles,0,yes,yes,friend,2020,14.0,0,1177.0,6.25,8.56,53.5,WILD Steward,2020.0,12.0
1177.0,feminine,9.0,,1,1,0,,reptiles,0,yes,yes,friend,2020,14.0,0,1177.0,5.21,8.65,45.07,WILD Steward,2021.0,1.0
1177.0,feminine,9.0,,1,1,0,,reptiles,0,yes,yes,friend,2020,14.0,0,1177.0,10.38,8.65,89.78,WILD Steward,2021.0,2.0
1177.0,feminine,9.0,,1,1,0,,reptiles,0,yes,yes,friend,2020,14.0,0,1177.0,28.26,8.65,244.44,WILD Steward,2021.0,3.0
1177.0,feminine,9.0,,1,1,0,,reptiles,0,yes,yes,friend,2020,14.0,0,1177.0,12.01,8.65,103.88,WILD Steward,2021.0,4.0
1177.0,feminine,9.0,,1,1,0,,reptiles,0,yes,yes,friend,2020,14.0,0,1177.0,17.85,8.65,154.41,WILD Steward,2021.0,5.0
1177.0,feminine,9.0,,1,1,0,,reptiles,0,yes,yes,friend,2020,14.0,0,1177.0,3.87,8.65,33.48,WILD Steward,2021.0,6.0
1177.0,feminine,9.0,,1,1,0,,reptiles,0,yes,yes,friend,2020,14.0,0,1177.0,41.96,10.15,425.9,WILD Steward,2021.0,6.0
1177.0,feminine,9.0,,1,1,0,,reptiles,0,yes,yes,friend,2020,14.0,0,1177.0,57.82,10.15,586.9,WILD Ambassador,2021.0,6.0
1177.0,feminine,9.0,,1,1,0,,reptiles,0,yes,yes,friend,2020,14.0,0,1177.0,105.86,10.15,1074.48,WILD Ambassador,2021.0,7.0
1177.0,feminine,9.0,,1,1,0,,reptiles,0,yes,yes,friend,2020,14.0,0,1177.0,15.27,10.15,154.99,WILD Ambassador,2021.0,8.0
1177.0,feminine,9.0,,1,1,0,,reptiles,0,yes,yes,friend,2020,14.0,0,1177.0,6.9,10.15,70.03,WILD Ambassador,2021.0,9.0
1177.0,feminine,9.0,,1,1,0,,reptiles,0,yes,yes,friend,2020,14.0,0,1177.0,12.13,10.15,123.12,WILD Ambassador,2021.0,10.0
1177.0,feminine,9.0,,1,1,0,,reptiles,0,yes,yes,friend,2020,14.0,0,1177.0,3.92,13.65,53.51,WILD Ambassador,2021.0,11.0
1177.0,feminine,9.0,,1,1,0,,reptiles,0,yes,yes,friend,2020,14.0,0,1177.0,14.55,13.65,198.61,WILD Ambassador,2021.0,12.0
,feminine,9.0,,1,1,0,,invertebrates,0,yes,yes,friend,2020,15.0,1,,,,,,,
,feminine,9.0,,1,1,0,1.0,mammals,0,yes,yes,school,2020,15.0,1,,,,,,,
,feminine,10.0,,1,0,1,1.0,none,0,yes,yes,other,2020,15.0,1,,,,,,,
1158.0,feminine,9.0,,1,0,0,,none,0,yes,yes,other,2020,14.0,0,1158.0,37.79,8.56,323.48,WILD Steward,2020.0,12.0
1158.0,feminine,9.0,,1,0,0,,none,0,yes,yes,other,2020,14.0,0,1158.0,32.0,8.65,276.81,WILD Steward,2021.0,1.0
1158.0,feminine,9.0,,1,0,0,,none,0,yes,yes,other,2020,14.0,0,1158.0,26.92,8.65,232.87,WILD Steward,2021.0,2.0
1158.0,feminine,9.0,,1,0,0,,none,0,yes,yes,other,2020,14.0,0,1158.0,20.0,8.65,173.01,WILD Steward,2021.0,3.0
1158.0,feminine,9.0,,1,0,0,,none,0,yes,yes,other,2020,14.0,0,1158.0,12.75,8.65,110.3,WILD Steward,2021.0,4.0
1158.0,feminine,9.0,,1,0,0,,none,0,yes,yes,other,2020,14.0,0,1158.0,30.98,8.65,267.97,WILD Steward,2021.0,5.0
1158.0,feminine,9.0,,1,0,0,,none,0,yes,yes,other,2020,14.0,0,1158.0,7.63,8.65,66.0,WILD Steward,2021.0,6.0
1158.0,feminine,9.0,,1,0,0,,none,0,yes,yes,other,2020,14.0,0,1158.0,40.47,10.15,410.77,WILD Steward,2021.0,6.0
1158.0,feminine,9.0,,1,0,0,,none,0,yes,yes,other,2020,14.0,0,1158.0,35.99,10.15,365.31,WILD Ambassador,2021.0,6.0
1158.0,feminine,9.0,,1,0,0,,none,0,yes,yes,other,2020,14.0,0,1158.0,97.61,10.15,990.75,WILD Ambassador,2021.0,7.0
1158.0,feminine,9.0,,1,0,0,,none,0,yes,yes,other,2020,14.0,0,1158.0,26.08,10.15,264.71,WILD Ambassador,2021.0,8.0
1158.0,feminine,9.0,,1,0,0,,none,0,yes,yes,other,2020,14.0,0,1158.0,13.84,10.15,140.47,WILD Ambassador,2021.0,9.0
1158.0,feminine,9.0,,1,0,0,,none,0,yes,yes,other,2020,14.0,0,1158.0,10.65,10.15,108.11,WILD Ambassador,2021.0,10.0
1158.0,feminine,9.0,,1,0,0,,none,0,yes,yes,other,2020,14.0,0,1158.0,6.33,13.65,86.4,WILD Ambassador,2021.0,10.0
1158.0,feminine,9.0,,1,0,0,,none,0,yes,yes,other,2020,14.0,0,1158.0,26.23,13.65,358.03,WILD Ambassador,2021.0,11.0
1158.0,feminine,9.0,,1,0,0,,none,0,yes,yes,other,2020,14.0,0,1158.0,29.04,13.65,396.41,WILD Ambassador,2021.0,12.0
1158.0,feminine,9.0,,1,0,0,,none,0,yes,yes,other,2020,14.0,0,1158.0,26.27,13.65,358.59,WILD Ambassador,2022.0,1.0
1158.0,feminine,9.0,,1,0,0,,none,0,yes,yes,other,2020,14.0,0,1158.0,9.06,13.65,123.67,WILD Ambassador,2022.0,2.0
1158.0,feminine,9.0,,1,0,0,,none,0,yes,yes,other,2020,14.0,0,1158.0,16.15,13.65,220.45,WILD Ambassador,2022.0,3.0
1158.0,feminine,9.0,,1,0,0,,none,0,yes,yes,other,2020,14.0,0,1158.0,39.42,13.65,538.0899999999999,WILD Ambassador,2022.0,4.0
1158.0,feminine,9.0,,1,0,0,,none,0,yes,yes,other,2020,14.0,0,1158.0,13.28,13.65,181.27,WILD Ambassador,2022.0,5.0
1158.0,feminine,9.0,,1,0,0,,none,0,yes,yes,other,2020,14.0,0,1158.0,108.67,13.65,1483.35,WILD Ambassador,2022.0,6.0
1158.0,feminine,9.0,,1,0,0,,none,0,yes,yes,other,2020,14.0,0,1158.0,16.0,0.0,0.0,WILD Ambassador,2022.0,6.0
1158.0,feminine,9.0,,1,0,0,,none,0,yes,yes,other,2020,14.0,0,1158.0,50.37,13.65,687.56,WILD Ambassador,2022.0,7.0
1158.0,feminine,9.0,,1,0,0,,none,0,yes,yes,other,2020,14.0,0,1158.0,88.0,0.0,0.0,WILD Ambassador,2022.0,7.0
1158.0,feminine,9.0,,1,0,0,,none,0,yes,yes,other,2020,14.0,0,1158.0,46.55,13.65,635.42,WILD Ambassador,2022.0,8.0
1158.0,feminine,9.0,,1,0,0,,none,0,yes,yes,other,2020,14.0,0,1158.0,7.0,13.65,95.56,WILD Ambassador,2022.0,9.0
1158.0,feminine,9.0,,1,0,0,,none,0,yes,yes,other,2020,14.0,0,1158.0,22.71,13.65,309.99,WILD Ambassador,2022.0,10.0
1158.0,feminine,9.0,,1,0,0,,none,0,yes,yes,other,2020,14.0,0,1158.0,15.55,13.65,212.26,WILD Ambassador,2022.0,11.0
1158.0,feminine,9.0,,1,0,0,,none,0,yes,yes,other,2020,14.0,0,1158.0,21.89,13.65,298.8,WILD Ambassador,2022.0,12.0
,feminine,9.0,,1,0,0,,invertebrates,0,yes,yes,other,2020,14.0,1,,,,,,,
,feminine,11.0,,0,0,0,1.0,none,0,,yes,other,2020,17.0,1,,,,,,,
,feminine,11.0,,0,1,0,,reptiles,0,yes,yes,school,2020,16.0,1,,,,,,,
,masculine,10.0,,1,0,0,1.0,none,0,yes,yes,other,2020,15.0,1,,,,,,,
,feminine,10.0,,1,0,0,1.0,invertebrates,0,,yes,school,2020,15.0,1,,,,,,,
,feminine,10.0,,1,1,0,,invertebrates,0,yes,yes,school,2020,15.0,1,,,,,,,
,masculine,10.0,,0,0,0,,none,0,yes,yes,school,2020,16.0,1,,,,,,,
