ID Number,Current Grade Level,Application Year,Current Age,Rejected,EECode,EarnHours_Sum_AvgPerMonth,Preferred Pronouns_feminine,Preferred Pronouns_masculine,Preferred Pronouns_neutral,Preferred Pronouns_unknown,Program_homeschool,Program_other,Program_unknown,Program_zoocamp,First Paying Job_0,First Paying Job_1,Know employee_0,Know employee_1,Applied Before_0,Applied Before_1,Comfortable speaking to crowd_0.0,Comfortable speaking to crowd_1.0,Comfortable speaking to crowd_unknown,Uncomfortable with_birds,Uncomfortable with_invertebrates,Uncomfortable with_mammals,Uncomfortable with_none,Uncomfortable with_reptiles,Uncomfortable with_unknown,Extra activities_0,Extra activities_1,Commit Summer_unknown,Commit Summer_unsure,Commit Summer_yes,Commit Weekday_no,Commit Weekday_unknown,Commit Weekday_unsure,Commit Weekday_yes,Hear about source_family,Hear about source_friend,Hear about source_other,Hear about source_school,Hear about source_social media,Hear about source_unknown
1489.0,9.0,2022,15.339622641509434,0,1489.0,54.53333333333333,0,1,0,0,0,0,0,1,0,1,1,0,1,0,0,1,0,0,1,0,0,0,0,1,0,0,0,1,0,0,0,1,0,0,1,0,0,0
unknown,11.0,2022,15.339622641509434,1,unknown,unknown,0,1,0,0,0,1,0,0,1,0,1,0,1,0,0,1,0,0,1,0,0,0,0,1,0,0,1,0,0,0,0,1,0,0,1,0,0,0
1488.0,11.0,2022,15.339622641509434,0,1488.0,90.91555555555556,0,1,0,0,0,1,0,0,1,0,1,0,1,0,0,1,0,0,1,0,0,0,0,0,1,0,0,1,0,0,0,1,0,1,0,0,0,0
unknown,9.0,2022,15.339622641509434,1,unknown,unknown,0,1,0,0,0,1,0,0,1,0,1,0,1,0,0,1,0,0,0,0,1,0,0,0,1,0,0,1,0,0,0,1,0,0,1,0,0,0
unknown,10.0,2022,15.339622641509434,1,unknown,unknown,0,1,0,0,0,1,0,0,1,0,1,0,1,0,0,1,0,0,0,0,1,0,0,0,1,0,1,0,0,0,1,0,0,0,1,0,0,0
unknown,10.0,2022,15.339622641509434,1,unknown,unknown,0,1,0,0,0,1,0,0,0,1,1,0,1,0,0,1,0,0,0,0,1,0,0,0,1,0,1,0,0,0,1,0,0,0,0,1,0,0
1487.0,11.0,2022,15.339622641509434,0,1487.0,46.382222222222225,1,0,0,0,0,1,0,0,1,0,0,1,1,0,0,1,0,0,0,0,1,0,0,1,0,0,0,1,0,0,0,1,0,1,0,0,0,0
unknown,9.0,2022,15.339622641509434,1,unknown,unknown,0,0,1,0,0,1,0,0,0,1,0,1,1,0,0,1,0,0,0,0,1,0,0,0,1,0,0,1,0,0,0,1,0,1,0,0,0,0
1476.0,10.0,2022,15.339622641509434,0,1476.0,43.35888888888889,0,1,0,0,0,1,0,0,0,1,1,0,1,0,0,1,0,0,0,0,1,0,0,1,0,0,0,1,0,0,0,1,0,0,1,0,0,0
1479.0,10.0,2022,15.339622641509434,0,1479.0,53.571111111111115,1,0,0,0,0,1,0,0,0,1,1,0,1,0,0,1,0,0,1,0,0,0,0,0,1,0,0,1,0,0,0,1,0,0,1,0,0,0
unknown,9.0,2022,15.339622641509434,1,unknown,unknown,0,1,0,0,0,0,0,1,0,1,1,0,0,1,0,1,0,0,0,0,1,0,0,0,1,0,0,1,0,0,0,1,0,0,0,0,1,0
unknown,10.0,2022,15.339622641509434,1,unknown,unknown,0,1,0,0,0,1,0,0,0,1,1,0,0,1,0,1,0,0,0,0,1,0,0,0,1,0,0,1,0,0,0,1,0,0,0,1,0,0
unknown,10.0,2022,15.339622641509434,1,unknown,unknown,1,0,0,0,0,1,0,0,0,1,0,1,1,0,0,1,0,0,0,0,1,0,0,0,1,0,1,0,0,0,0,1,0,1,0,0,0,0
unknown,10.0,2022,15.339622641509434,1,unknown,unknown,1,0,0,0,0,1,0,0,1,0,1,0,0,1,0,1,0,0,0,0,1,0,0,0,1,0,1,0,0,0,0,1,0,0,0,1,0,0
unknown,10.0,2022,15.339622641509434,1,unknown,unknown,0,1,0,0,0,1,0,0,0,1,1,0,1,0,0,1,0,0,1,0,0,0,0,0,1,0,0,1,0,0,0,1,0,0,1,0,0,0
unknown,11.0,2022,15.339622641509434,1,unknown,unknown,1,0,0,0,0,1,0,0,1,0,1,0,1,0,0,1,0,0,0,0,1,0,0,0,1,0,0,1,0,0,0,1,0,0,0,1,0,0
1483.0,9.0,2022,15.339622641509434,0,1483.0,43.83222222222222,1,0,0,0,0,1,0,0,0,1,0,1,1,0,0,1,0,0,0,0,1,0,0,1,0,0,0,1,0,0,0,1,0,1,0,0,0,0
1477.0,10.0,2022,15.339622641509434,0,1477.0,57.556666666666665,1,0,0,0,0,1,0,0,0,1,1,0,1,0,0,1,0,0,0,0,0,1,0,0,1,0,0,1,0,0,0,1,0,0,1,0,0,0
1486.0,9.0,2022,15.339622641509434,0,1486.0,32.79555555555556,0,1,0,0,0,1,0,0,0,1,0,1,1,0,0,1,0,0,0,0,1,0,0,0,1,0,1,0,0,0,0,1,0,1,0,0,0,0
1481.0,9.0,2022,15.339622641509434,0,1481.0,45.08888888888889,1,0,0,0,0,1,0,0,0,1,0,1,1,0,0,1,0,0,0,0,0,1,0,0,1,0,0,1,0,0,0,1,0,1,0,0,0,0
unknown,9.0,2022,15.339622641509434,1,unknown,unknown,0,0,0,1,0,1,0,0,0,1,1,0,1,0,0,1,0,0,1,0,0,0,0,0,1,0,1,0,0,0,0,1,0,0,1,0,0,0
unknown,9.0,2022,15.339622641509434,1,unknown,unknown,1,0,0,0,0,1,0,0,0,1,1,0,1,0,0,1,0,0,0,0,1,0,0,1,0,0,0,1,0,0,0,1,0,0,0,1,0,0
1490.0,9.0,2022,15.339622641509434,0,1490.0,41.9525,1,0,0,0,0,1,0,0,0,1,1,0,1,0,0,1,0,0,0,1,0,0,0,0,1,0,0,1,0,0,0,1,0,0,0,0,1,0
unknown,8.0,2022,15.339622641509434,1,unknown,unknown,1,0,0,0,0,1,0,0,0,1,0,1,1,0,0,1,0,0,1,0,0,0,0,0,1,0,0,1,0,0,1,0,0,1,0,0,0,0
unknown,8.0,2022,15.339622641509434,1,unknown,unknown,1,0,0,0,0,1,0,0,0,1,1,0,1,0,0,1,0,0,1,0,0,0,0,0,1,0,0,1,0,0,0,1,0,1,0,0,0,0
unknown,8.0,2022,15.339622641509434,1,unknown,unknown,1,0,0,0,0,1,0,0,0,1,1,0,1,0,0,1,0,0,0,0,1,0,0,0,1,0,0,1,0,0,0,1,0,1,0,0,0,0
1478.0,9.0,2022,15.339622641509434,0,1478.0,92.29555555555555,1,0,0,0,0,1,0,0,0,1,1,0,1,0,0,1,0,0,0,0,1,0,0,0,1,0,0,1,0,0,0,1,0,0,0,0,1,0
1488.0,11.0,2022,15.339622641509434,0,1488.0,90.91555555555556,0,1,0,0,0,1,0,0,1,0,1,0,0,1,0,1,0,0,0,0,1,0,0,1,0,0,0,1,0,0,0,1,0,0,1,0,0,0
unknown,11.0,2022,15.339622641509434,1,unknown,unknown,1,0,0,0,0,1,0,0,1,0,1,0,1,0,0,1,0,1,0,0,0,0,0,0,1,0,0,1,0,0,0,1,0,0,0,1,0,0
unknown,12.0,2022,15.339622641509434,1,unknown,unknown,1,0,0,0,0,1,0,0,1,0,1,0,1,0,0,1,0,0,0,1,0,0,0,1,0,0,0,1,0,0,0,1,0,0,0,1,0,0
unknown,11.0,2022,15.339622641509434,1,unknown,unknown,0,0,0,1,0,1,0,0,0,1,1,0,1,0,0,1,0,0,0,0,1,0,0,0,1,0,0,1,0,0,0,1,0,0,0,1,0,0
unknown,10.0,2022,15.339622641509434,1,unknown,unknown,0,1,0,0,0,1,0,0,0,1,1,0,1,0,0,1,0,0,0,0,1,0,0,0,1,0,0,1,0,0,0,1,0,0,0,1,0,0
unknown,8.0,2022,15.339622641509434,1,unknown,unknown,1,0,0,0,0,1,0,0,0,1,1,0,1,0,0,1,0,0,1,0,0,0,0,0,1,0,1,0,0,0,1,0,0,1,0,0,0,0
unknown,11.0,2022,15.339622641509434,1,unknown,unknown,1,0,0,0,0,1,0,0,1,0,1,0,1,0,0,1,0,0,0,0,0,1,0,0,1,0,0,1,0,0,1,0,0,0,0,1,0,0
unknown,8.0,2022,15.339622641509434,1,unknown,unknown,1,0,0,0,0,1,0,0,1,0,1,0,1,0,0,1,0,0,0,0,1,0,0,1,0,0,0,1,0,0,0,1,1,0,0,0,0,0
unknown,12.0,2022,15.339622641509434,1,unknown,unknown,1,0,0,0,0,1,0,0,1,0,1,0,1,0,1,0,0,0,1,0,0,0,0,1,0,0,1,0,0,0,0,1,0,1,0,0,0,0
unknown,8.0,2022,15.339622641509434,1,unknown,unknown,0,1,0,0,0,1,0,0,0,1,1,0,1,0,0,1,0,0,0,0,1,0,0,1,0,0,1,0,0,0,0,1,0,1,0,0,0,0
unknown,9.0,2022,15.339622641509434,1,unknown,unknown,1,0,0,0,0,1,0,0,0,1,1,0,0,1,0,1,0,1,0,0,0,0,0,0,1,0,0,1,0,0,0,1,0,0,0,1,0,0
unknown,12.0,2022,15.339622641509434,1,unknown,unknown,1,0,0,0,0,1,0,0,0,1,1,0,1,0,1,0,0,1,0,0,0,0,0,1,0,0,0,1,0,0,0,1,0,1,0,0,0,0
unknown,12.0,2022,15.339622641509434,1,unknown,unknown,1,0,0,0,0,1,0,0,0,1,1,0,1,0,0,1,0,0,1,0,0,0,0,0,1,0,1,0,0,0,1,0,0,1,0,0,0,0
unknown,10.0,2022,15.339622641509434,1,unknown,unknown,1,0,0,0,0,1,0,0,1,0,1,0,1,0,0,1,0,0,0,0,1,0,0,0,1,0,0,1,0,0,0,1,0,0,0,1,0,0
unknown,10.0,2022,15.339622641509434,1,unknown,unknown,1,0,0,0,0,1,0,0,0,1,1,0,1,0,0,1,0,0,1,0,0,0,0,1,0,0,0,1,0,0,0,1,0,0,0,1,0,0
unknown,9.0,2022,15.339622641509434,1,unknown,unknown,1,0,0,0,0,1,0,0,1,0,1,0,1,0,0,1,0,0,1,0,0,0,0,1,0,0,0,1,0,0,0,1,0,1,0,0,0,0
unknown,12.0,2022,15.339622641509434,1,unknown,unknown,0,1,0,0,0,1,0,0,1,0,0,1,1,0,0,1,0,0,1,0,0,0,0,1,0,0,0,1,0,0,0,1,0,1,0,0,0,0
unknown,9.0,2022,15.339622641509434,1,unknown,unknown,1,0,0,0,0,1,0,0,0,1,0,1,1,0,0,1,0,0,0,0,1,0,0,1,0,0,0,1,0,0,0,1,0,0,0,1,0,0
unknown,11.0,2022,15.339622641509434,1,unknown,unknown,1,0,0,0,1,0,0,0,0,1,1,0,1,0,0,1,0,0,0,1,0,0,0,0,1,0,0,1,0,0,0,1,0,0,0,1,0,0
unknown,10.0,2022,15.339622641509434,1,unknown,unknown,1,0,0,0,0,1,0,0,0,1,1,0,1,0,0,1,0,0,0,1,0,0,0,1,0,0,0,1,0,0,0,1,0,0,0,1,0,0
unknown,11.0,2022,15.339622641509434,1,unknown,unknown,1,0,0,0,0,1,0,0,0,1,1,0,0,1,0,1,0,0,0,1,0,0,0,0,1,0,0,1,0,0,0,1,0,0,0,1,0,0
unknown,11.0,2022,15.339622641509434,1,unknown,unknown,0,0,1,0,0,1,0,0,0,1,1,0,1,0,0,1,0,0,1,0,0,0,0,0,1,0,0,1,0,0,0,1,0,0,0,1,0,0
unknown,9.0,2022,15.339622641509434,1,unknown,unknown,0,1,0,0,0,1,0,0,0,1,1,0,1,0,0,1,0,0,0,1,0,0,0,1,0,0,0,1,0,0,0,1,0,0,0,1,0,0
1485.0,11.0,2022,15.339622641509434,0,1485.0,52.20444444444445,1,0,0,0,0,1,0,0,1,0,1,0,1,0,0,1,0,0,0,0,1,0,0,1,0,0,0,1,0,0,0,1,0,0,0,1,0,0
1478.0,9.0,2022,15.339622641509434,0,1478.0,92.29555555555555,1,0,0,0,0,1,0,0,0,1,1,0,1,0,0,1,0,0,0,0,1,0,0,1,0,0,0,1,0,0,0,1,0,1,0,0,0,0
unknown,9.0,2022,15.339622641509434,1,unknown,unknown,1,0,0,0,0,1,0,0,0,1,1,0,1,0,0,1,0,0,0,0,1,0,0,0,1,0,0,1,0,0,0,1,0,0,0,1,0,0
unknown,10.0,2022,15.339622641509434,1,unknown,unknown,1,0,0,0,0,1,0,0,0,1,1,0,1,0,0,1,0,0,1,0,0,0,0,1,0,0,0,1,0,0,0,1,0,0,0,0,1,0
1475.0,9.0,2022,15.339622641509434,0,1475.0,53.82888888888889,1,0,0,0,0,1,0,0,0,1,1,0,1,0,0,1,0,0,1,0,0,0,0,0,1,0,0,1,0,0,0,1,0,0,0,1,0,0
unknown,12.0,2022,15.339622641509434,1,unknown,unknown,0,0,1,0,0,1,0,0,1,0,1,0,1,0,0,1,0,0,0,0,1,0,0,0,1,0,0,1,0,0,0,1,0,0,0,1,0,0
unknown,12.0,2022,15.339622641509434,1,unknown,unknown,0,0,1,0,0,1,0,0,1,0,1,0,1,0,0,1,0,0,0,0,1,0,0,1,0,0,0,1,0,0,0,1,0,1,0,0,0,0
unknown,10.0,2022,15.339622641509434,1,unknown,unknown,1,0,0,0,0,1,0,0,0,1,1,0,1,0,0,1,0,0,0,0,1,0,0,0,1,0,0,1,0,0,0,1,0,0,0,1,0,0
unknown,10.0,2022,15.339622641509434,1,unknown,unknown,1,0,0,0,0,1,0,0,0,1,1,0,1,0,0,1,0,0,1,0,0,0,0,0,1,0,0,1,0,0,0,1,0,0,0,1,0,0
unknown,10.0,2022,15.339622641509434,1,unknown,unknown,1,0,0,0,1,0,0,0,0,1,1,0,1,0,0,1,0,0,0,0,1,0,0,1,0,0,0,1,0,0,0,1,0,1,0,0,0,0
unknown,10.0,2022,15.339622641509434,1,unknown,unknown,0,1,0,0,0,1,0,0,0,1,1,0,1,0,0,1,0,0,0,0,1,0,0,0,1,0,0,1,0,0,0,1,0,1,0,0,0,0
unknown,9.0,2022,15.339622641509434,1,unknown,unknown,1,0,0,0,0,1,0,0,0,1,1,0,1,0,0,1,0,0,1,0,0,0,0,0,1,0,0,1,0,0,0,1,0,0,0,1,0,0
unknown,10.0,2022,15.339622641509434,1,unknown,unknown,1,0,0,0,0,1,0,0,0,1,1,0,1,0,0,1,0,0,0,0,1,0,0,0,1,0,0,1,0,0,1,0,0,0,0,1,0,0
unknown,9.0,2022,15.339622641509434,1,unknown,unknown,0,1,0,0,0,1,0,0,0,1,1,0,1,0,0,1,0,0,0,0,1,0,0,0,1,0,1,0,0,0,0,1,0,0,0,1,0,0
unknown,11.0,2022,15.339622641509434,1,unknown,unknown,1,0,0,0,0,1,0,0,0,1,1,0,1,0,0,1,0,0,1,0,0,0,0,1,0,0,0,1,0,0,0,1,0,0,0,1,0,0
unknown,9.0,2022,15.339622641509434,1,unknown,unknown,1,0,0,0,0,1,0,0,1,0,1,0,1,0,0,1,0,0,0,0,1,0,0,0,1,0,0,1,0,0,1,0,0,1,0,0,0,0
unknown,11.0,2022,15.339622641509434,1,unknown,unknown,1,0,0,0,0,0,0,1,0,1,1,0,0,1,0,1,0,0,0,0,1,0,0,0,1,0,0,1,0,0,0,1,0,1,0,0,0,0
unknown,9.0,2022,15.339622641509434,1,unknown,unknown,1,0,0,0,0,1,0,0,0,1,1,0,0,1,0,1,0,0,0,0,1,0,0,1,0,0,0,1,0,0,0,1,0,0,0,1,0,0
1480.0,9.0,2022,15.339622641509434,0,1480.0,109.88888888888889,1,0,0,0,0,1,0,0,0,1,1,0,0,1,0,1,0,0,1,0,0,0,0,0,1,0,0,1,0,0,0,1,0,0,0,1,0,0
1482.0,10.0,2022,15.339622641509434,0,1482.0,47.23777777777778,1,0,0,0,0,1,0,0,0,1,1,0,1,0,0,1,0,0,0,0,1,0,0,0,1,0,0,1,0,0,0,1,0,0,1,0,0,0
unknown,10.0,2022,15.339622641509434,1,unknown,unknown,0,1,0,0,0,1,0,0,1,0,0,1,1,0,0,1,0,0,0,0,1,0,0,0,1,0,1,0,0,0,0,1,0,1,0,0,0,0
unknown,10.0,2022,15.339622641509434,1,unknown,unknown,1,0,0,0,0,1,0,0,1,0,0,1,1,0,0,1,0,0,0,0,1,0,0,0,1,0,0,1,0,0,0,1,0,1,0,0,0,0
unknown,10.0,2022,15.339622641509434,1,unknown,unknown,0,1,0,0,0,1,0,0,0,1,1,0,1,0,0,1,0,0,1,0,0,0,0,0,1,0,0,1,0,0,0,1,0,1,0,0,0,0
unknown,10.0,2022,15.339622641509434,1,unknown,unknown,0,1,0,0,0,1,0,0,1,0,1,0,1,0,0,1,0,0,0,0,1,0,0,0,1,0,0,1,0,0,0,1,0,1,0,0,0,0
unknown,9.0,2022,15.339622641509434,1,unknown,unknown,0,1,0,0,0,1,0,0,0,1,0,1,1,0,0,1,0,0,1,0,0,0,0,0,1,0,0,1,0,0,1,0,0,1,0,0,0,0
1484.0,9.0,2022,15.339622641509434,0,1484.0,48.82888888888888,1,0,0,0,0,1,0,0,1,0,0,1,1,0,0,1,0,0,1,0,0,0,0,0,1,0,0,1,0,0,0,1,0,1,0,0,0,0
unknown,9.0,2021,14.0,1,unknown,unknown,1,0,0,0,0,0,1,0,0,1,1,0,1,0,0,1,0,0,1,0,0,0,0,1,0,0,0,1,0,0,0,1,0,1,0,0,0,0
1229.0,10.0,2021,15.0,0,1229.0,47.40190476190477,1,0,0,0,0,0,1,0,0,1,1,0,1,0,1,0,0,0,1,0,0,0,0,1,0,0,0,1,0,0,0,1,0,0,0,1,0,0
unknown,9.0,2021,14.0,1,unknown,unknown,0,1,0,0,0,0,1,0,0,1,1,0,1,0,0,1,0,0,0,0,0,1,0,1,0,0,0,1,0,0,0,1,0,1,0,0,0,0
1480.0,8.0,2021,14.0,0,1480.0,109.88888888888889,1,0,0,0,0,0,1,0,0,1,1,0,1,0,0,1,0,0,1,0,0,0,0,1,0,0,0,1,0,0,0,1,0,0,0,1,0,0
1231.0,10.0,2021,16.0,0,1231.0,37.58,1,0,0,0,0,0,1,0,0,1,1,0,1,0,0,1,0,0,0,0,1,0,0,1,0,0,0,1,0,0,0,1,0,0,0,0,1,0
unknown,8.0,2021,13.0,1,unknown,unknown,1,0,0,0,0,0,1,0,0,1,1,0,1,0,0,1,0,0,1,0,0,0,0,1,0,0,1,0,0,0,0,1,0,0,1,0,0,0
unknown,9.0,2021,15.0,1,unknown,unknown,0,0,1,0,0,0,1,0,0,1,0,1,1,0,0,1,0,0,0,0,1,0,0,1,0,0,0,1,0,0,0,1,0,0,0,1,0,0
unknown,9.0,2021,15.0,1,unknown,unknown,0,1,0,0,0,0,1,0,0,1,1,0,1,0,0,1,0,1,0,0,0,0,0,1,0,0,0,1,0,0,0,1,0,0,0,1,0,0
1230.0,8.0,2021,14.0,0,1230.0,53.13833333333333,0,1,0,0,0,0,0,1,0,1,1,0,1,0,0,1,0,0,1,0,0,0,0,1,0,0,1,0,0,0,0,1,0,0,0,1,0,0
unknown,8.0,2021,14.0,1,unknown,unknown,1,0,0,0,0,0,1,0,0,1,1,0,1,0,0,1,0,0,1,0,0,0,0,1,0,0,0,1,0,0,0,1,0,0,0,1,0,0
unknown,10.0,2021,15.0,1,unknown,unknown,1,0,0,0,0,0,1,0,0,1,1,0,1,0,0,1,0,1,0,0,0,0,0,1,0,0,0,1,0,0,0,1,0,1,0,0,0,0
unknown,10.0,2021,16.0,1,unknown,unknown,1,0,0,0,0,0,1,0,0,1,0,1,1,0,1,0,0,0,1,0,0,0,0,1,0,0,0,1,0,0,0,1,0,1,0,0,0,0
unknown,8.0,2021,14.0,1,unknown,unknown,0,1,0,0,0,0,1,0,0,1,1,0,1,0,0,1,0,0,1,0,0,0,0,1,0,0,0,1,0,0,0,1,0,0,0,1,0,0
unknown,8.0,2021,14.0,1,unknown,unknown,0,1,0,0,0,0,1,0,0,1,1,0,1,0,1,0,0,0,0,0,1,0,0,1,0,0,0,1,1,0,0,0,0,0,0,1,0,0
unknown,9.0,2021,15.0,1,unknown,unknown,0,1,0,0,0,0,1,0,0,1,1,0,1,0,1,0,0,0,0,0,1,0,0,1,0,0,0,1,0,0,0,1,0,0,0,0,1,0
unknown,8.0,2021,14.0,1,unknown,unknown,1,0,0,0,0,0,1,0,0,1,1,0,1,0,0,1,0,0,0,1,0,0,0,1,0,0,0,1,0,0,0,1,0,0,0,1,0,0
unknown,10.0,2021,15.0,1,unknown,unknown,1,0,0,0,0,0,1,0,0,1,1,0,1,0,0,1,0,0,1,0,0,0,0,1,0,0,0,1,0,0,0,1,0,0,1,0,0,0
unknown,9.0,2021,15.0,1,unknown,unknown,1,0,0,0,0,0,1,0,0,1,1,0,1,0,0,1,0,0,0,0,1,0,0,1,0,0,0,1,0,0,0,1,0,0,0,1,0,0
unknown,8.0,2021,13.0,1,unknown,unknown,0,1,0,0,0,0,1,0,0,1,1,0,1,0,0,1,0,0,0,0,1,0,0,1,0,0,0,1,0,0,0,1,0,0,0,1,0,0
unknown,8.0,2021,14.0,1,unknown,unknown,0,1,0,0,0,1,0,0,0,1,1,0,1,0,1,0,0,0,0,0,0,0,1,1,0,0,0,1,0,0,0,1,0,0,0,1,0,0
unknown,8.0,2021,14.0,1,unknown,unknown,1,0,0,0,0,0,1,0,0,1,1,0,1,0,0,1,0,0,0,0,1,0,0,1,0,0,0,1,0,0,0,1,0,0,0,1,0,0
unknown,12.0,2021,17.0,1,unknown,unknown,1,0,0,0,0,0,1,0,0,1,1,0,1,0,0,1,0,0,0,0,0,1,0,1,0,0,0,1,0,0,0,1,0,0,0,1,0,0
unknown,9.0,2021,14.0,1,unknown,unknown,0,1,0,0,0,1,0,0,0,1,1,0,1,0,0,1,0,0,1,0,0,0,0,1,0,0,0,1,0,0,1,0,0,0,1,0,0,0
unknown,8.0,2021,13.0,1,unknown,unknown,0,0,1,0,0,0,1,0,0,1,1,0,1,0,1,0,0,0,1,0,0,0,0,1,0,0,0,1,0,0,0,1,0,0,0,1,0,0
unknown,10.0,2021,15.0,1,unknown,unknown,0,0,0,1,0,0,1,0,0,1,1,0,1,0,0,1,0,0,1,0,0,0,0,1,0,0,0,1,0,0,0,1,0,0,0,1,0,0
unknown,9.0,2021,14.0,1,unknown,unknown,0,1,0,0,0,0,1,0,0,1,1,0,1,0,0,1,0,1,0,0,0,0,0,1,0,1,0,0,1,0,0,0,0,0,0,1,0,0
unknown,8.0,2021,15.0,1,unknown,unknown,0,1,0,0,0,0,1,0,0,1,1,0,1,0,0,1,0,1,0,0,0,0,0,1,0,0,0,1,0,0,0,1,0,0,0,1,0,0
unknown,10.0,2021,16.0,1,unknown,unknown,1,0,0,0,0,0,1,0,1,0,1,0,1,0,0,1,0,0,1,0,0,0,0,1,0,0,0,1,0,0,0,1,0,0,0,1,0,0
unknown,9.0,2021,14.0,1,unknown,unknown,0,1,0,0,0,0,1,0,0,1,1,0,1,0,0,1,0,0,0,0,1,0,0,1,0,0,0,1,0,0,0,1,0,0,1,0,0,0
unknown,8.0,2021,15.0,1,unknown,unknown,0,1,0,0,0,0,1,0,0,1,0,1,1,0,0,1,0,0,1,0,0,0,0,1,0,0,0,1,0,0,0,1,0,0,0,1,0,0
unknown,10.0,2021,15.0,1,unknown,unknown,1,0,0,0,0,0,0,1,0,1,1,0,1,0,1,0,0,0,0,0,1,0,0,1,0,0,0,1,0,0,0,1,0,0,1,0,0,0
unknown,9.741258741258742,2021,18.0,1,unknown,unknown,1,0,0,0,0,0,1,0,1,0,1,0,1,0,0,1,0,0,0,0,1,0,0,1,0,0,0,1,0,0,0,1,0,0,0,1,0,0
1228.0,9.0,2021,15.0,0,1228.0,53.196875,1,0,0,0,0,0,1,0,0,1,1,0,1,0,0,1,0,0,1,0,0,0,0,1,0,0,0,1,0,0,0,1,0,1,0,0,0,0
unknown,9.0,2021,16.0,1,unknown,unknown,1,0,0,0,0,0,1,0,0,1,1,0,1,0,1,0,0,0,1,0,0,0,0,1,0,0,0,1,0,0,0,1,0,1,0,0,0,0
1227.0,11.0,2021,17.0,0,1227.0,45.223571428571425,0,1,0,0,0,0,1,0,0,1,1,0,1,0,0,1,0,0,1,0,0,0,0,1,0,0,0,1,0,0,0,1,1,0,0,0,0,0
unknown,11.0,2021,16.0,1,unknown,unknown,1,0,0,0,0,0,1,0,1,0,1,0,1,0,0,1,0,0,0,0,0,1,0,1,0,0,0,1,1,0,0,0,0,0,0,1,0,0
unknown,12.0,2021,18.0,1,unknown,unknown,1,0,0,0,0,0,1,0,1,0,1,0,1,0,0,1,0,0,0,0,1,0,0,1,0,0,0,1,0,0,0,1,0,0,0,1,0,0
unknown,10.0,2021,15.0,1,unknown,unknown,0,1,0,0,0,0,1,0,0,1,0,1,1,0,0,1,0,0,0,0,1,0,0,1,0,0,0,1,0,0,0,1,0,0,0,1,0,0
unknown,10.0,2021,15.0,1,unknown,unknown,0,1,0,0,0,0,1,0,0,1,1,0,1,0,0,1,0,0,1,0,0,0,0,1,0,0,0,1,0,0,0,1,0,0,0,1,0,0
unknown,11.0,2021,16.0,1,unknown,unknown,0,1,0,0,0,0,1,0,1,0,1,0,1,0,0,1,0,0,0,0,1,0,0,1,0,0,0,1,0,0,0,1,0,1,0,0,0,0
unknown,11.0,2021,17.0,1,unknown,unknown,1,0,0,0,0,0,1,0,0,1,1,0,0,1,0,1,0,0,1,0,0,0,0,1,0,0,0,1,0,0,0,1,0,0,0,1,0,0
unknown,11.0,2021,16.0,1,unknown,unknown,0,1,0,0,0,0,1,0,1,0,1,0,1,0,0,1,0,0,0,0,1,0,0,1,0,0,0,1,0,0,1,0,0,0,0,1,0,0
unknown,9.0,2021,14.0,1,unknown,unknown,1,0,0,0,0,0,1,0,0,1,1,0,1,0,0,1,0,1,0,0,0,0,0,1,0,0,0,1,0,0,0,1,0,0,0,1,0,0
unknown,8.0,2021,14.0,1,unknown,unknown,0,0,0,1,0,0,0,1,0,1,1,0,1,0,0,1,0,0,0,0,1,0,0,1,0,0,0,1,0,0,0,1,0,0,0,0,0,1
unknown,9.0,2021,15.0,1,unknown,unknown,1,0,0,0,0,0,1,0,0,1,1,0,1,0,0,1,0,0,0,0,1,0,0,1,0,0,0,1,0,0,0,1,0,0,1,0,0,0
unknown,9.0,2021,14.0,1,unknown,unknown,1,0,0,0,1,0,0,0,0,1,0,1,1,0,0,1,0,0,1,0,0,0,0,1,0,0,1,0,0,0,0,1,0,1,0,0,0,0
unknown,9.0,2021,14.0,1,unknown,unknown,1,0,0,0,0,0,1,0,0,1,1,0,0,1,0,1,0,0,0,0,1,0,0,1,0,0,0,1,0,0,0,1,0,0,0,0,0,1
unknown,9.741258741258742,2020,15.339622641509434,1,unknown,unknown,1,0,0,0,0,1,0,0,0,1,0,1,0,1,0,1,0,0,0,0,0,1,0,1,0,0,0,1,0,0,0,1,0,0,0,1,0,0
1157.0,10.0,2020,15.0,0,unknown,unknown,0,1,0,0,0,0,1,0,0,1,1,0,1,0,0,0,1,0,0,0,1,0,0,1,0,0,0,1,0,0,0,1,0,0,0,1,0,0
unknown,9.0,2020,15.0,1,unknown,unknown,1,0,0,0,0,0,1,0,0,1,1,0,1,0,0,0,1,0,0,0,1,0,0,1,0,0,0,1,0,0,0,1,0,0,1,0,0,0
unknown,9.0,2020,15.0,1,unknown,unknown,1,0,0,0,0,0,1,0,0,1,1,0,1,0,0,1,0,0,0,0,0,0,1,1,0,0,0,1,0,0,0,1,0,0,1,0,0,0
unknown,8.0,2020,14.0,1,unknown,unknown,1,0,0,0,0,0,1,0,0,1,1,0,1,0,0,0,1,0,1,0,0,0,0,1,0,0,0,1,0,0,0,1,0,0,1,0,0,0
unknown,9.741258741258742,2020,24.0,1,unknown,unknown,0,0,1,0,0,0,1,0,1,0,1,0,0,1,0,1,0,0,0,0,0,1,0,1,0,0,0,1,0,0,0,1,0,0,1,0,0,0
unknown,8.0,2020,14.0,1,unknown,unknown,0,1,0,0,0,0,1,0,0,1,0,1,1,0,0,1,0,0,0,0,1,0,0,1,0,0,0,1,0,0,0,1,0,1,0,0,0,0
unknown,9.0,2020,14.0,1,unknown,unknown,1,0,0,0,0,0,1,0,0,1,0,1,1,0,0,0,1,0,1,0,0,0,0,1,0,0,0,1,0,0,0,1,0,0,0,1,0,0
1160.0,10.0,2020,16.0,0,1160.0,40.46222222222222,1,0,0,0,0,0,1,0,1,0,0,1,1,0,0,0,1,0,1,0,0,0,0,1,0,0,0,1,0,0,0,1,0,0,1,0,0,0
unknown,9.0,2020,14.0,1,unknown,unknown,1,0,0,0,0,0,1,0,0,1,1,0,1,0,0,1,0,0,0,0,0,1,0,1,0,0,0,1,0,0,0,1,0,0,0,0,1,0
unknown,9.0,2020,14.0,1,unknown,unknown,1,0,0,0,0,0,1,0,0,1,1,0,1,0,0,0,1,0,0,0,1,0,0,1,0,0,0,1,0,1,0,0,0,1,0,0,0,0
unknown,12.0,2020,19.0,1,unknown,unknown,1,0,0,0,0,0,1,0,0,1,1,0,1,0,0,0,1,0,0,0,1,0,0,1,0,0,0,1,0,0,0,1,0,0,0,1,0,0
1155.0,10.0,2020,16.0,0,1155.0,25.07,0,1,0,0,0,0,1,0,0,1,1,0,1,0,0,0,1,0,0,0,1,0,0,1,0,0,0,1,0,0,0,1,0,0,0,1,0,0
unknown,10.0,2020,15.0,1,unknown,unknown,1,0,0,0,0,0,1,0,0,1,1,0,1,0,0,0,1,0,1,0,0,0,0,1,0,0,0,1,0,0,0,1,0,1,0,0,0,0
unknown,12.0,2020,17.0,1,unknown,unknown,0,1,0,0,0,0,1,0,0,1,1,0,1,0,0,0,1,0,1,0,0,0,0,1,0,0,0,1,0,0,0,1,0,1,0,0,0,0
unknown,9.0,2020,15.0,1,unknown,unknown,1,0,0,0,0,0,1,0,0,1,1,0,1,0,0,0,1,0,1,0,0,0,0,1,0,1,0,0,0,0,0,1,0,0,0,1,0,0
unknown,9.0,2020,15.0,1,unknown,unknown,0,1,0,0,0,0,1,0,0,1,1,0,1,0,0,1,0,0,1,0,0,0,0,1,0,0,0,1,0,0,0,1,0,1,0,0,0,0
unknown,10.0,2020,16.0,1,unknown,unknown,1,0,0,0,0,0,1,0,1,0,0,1,1,0,0,0,1,0,1,0,0,0,0,1,0,0,0,1,0,0,0,1,0,0,1,0,0,0
unknown,9.0,2020,15.0,1,unknown,unknown,0,1,0,0,0,0,1,0,0,1,1,0,1,0,0,0,1,0,0,0,0,1,0,1,0,0,0,1,0,0,0,1,0,1,0,0,0,0
unknown,8.0,2020,15.0,1,unknown,unknown,0,1,0,0,0,0,1,0,0,1,1,0,1,0,0,0,1,0,0,0,1,0,0,1,0,0,0,1,0,0,0,1,0,0,0,1,0,0
unknown,10.0,2020,15.0,1,unknown,unknown,1,0,0,0,0,0,1,0,1,0,1,0,1,0,0,0,1,0,0,0,1,0,0,1,0,0,0,1,0,0,0,1,0,0,0,1,0,0
unknown,9.0,2020,15.0,1,unknown,unknown,0,1,0,0,0,0,1,0,0,1,1,0,1,0,0,1,0,0,1,0,0,0,0,1,0,1,0,0,0,0,0,1,0,1,0,0,0,0
unknown,10.0,2020,15.0,1,unknown,unknown,0,1,0,0,0,0,1,0,0,1,1,0,1,0,0,0,1,0,1,0,0,0,0,1,0,0,0,1,0,0,0,1,0,0,0,1,0,0
1156.0,11.0,2020,16.0,0,1156.0,27.92142857142857,0,1,0,0,0,0,1,0,0,1,1,0,1,0,0,1,0,0,0,0,1,0,0,1,0,0,0,1,0,0,0,1,0,0,0,1,0,0
unknown,10.0,2020,15.0,1,unknown,unknown,0,1,0,0,0,0,1,0,1,0,1,0,1,0,0,1,0,0,0,0,1,0,0,1,0,0,0,1,0,0,0,1,0,0,0,1,0,0
unknown,10.0,2020,16.0,1,unknown,unknown,1,0,0,0,0,0,1,0,1,0,1,0,1,0,0,0,1,0,1,0,0,0,0,1,0,1,0,0,0,0,0,1,0,1,0,0,0,0
unknown,10.0,2020,15.0,1,unknown,unknown,0,1,0,0,0,0,1,0,0,1,1,0,1,0,0,0,1,0,0,0,0,1,0,1,0,0,0,1,0,0,0,1,0,0,0,1,0,0
unknown,9.0,2020,15.0,1,unknown,unknown,1,0,0,0,0,0,1,0,0,1,1,0,1,0,0,1,0,0,0,0,0,1,0,1,0,0,0,1,0,0,0,1,0,1,0,0,0,0
unknown,9.0,2020,16.0,1,unknown,unknown,1,0,0,0,0,0,1,0,0,1,1,0,1,0,0,0,1,0,0,0,1,0,0,1,0,0,0,1,0,0,0,1,0,0,0,1,0,0
unknown,11.0,2020,16.0,1,unknown,unknown,1,0,0,0,0,0,1,0,1,0,0,1,1,0,0,0,1,0,0,0,0,1,0,1,0,0,0,1,0,0,0,1,0,1,0,0,0,0
unknown,11.0,2020,16.0,1,unknown,unknown,1,0,0,0,0,0,1,0,0,1,1,0,1,0,0,0,1,0,1,0,0,0,0,1,0,0,0,1,0,1,0,0,0,0,0,1,0,0
unknown,11.0,2020,16.0,1,unknown,unknown,0,1,0,0,0,0,1,0,0,1,1,0,1,0,0,0,1,0,1,0,0,0,0,1,0,0,0,1,0,0,0,1,0,0,1,0,0,0
unknown,10.0,2020,16.0,1,unknown,unknown,0,1,0,0,0,0,1,0,0,1,1,0,1,0,0,1,0,0,1,0,0,0,0,1,0,0,0,1,0,1,0,0,0,0,0,1,0,0
unknown,11.0,2020,17.0,1,unknown,unknown,0,1,0,0,0,0,1,0,0,1,1,0,0,1,0,1,0,0,0,0,1,0,0,1,0,0,0,1,0,0,0,1,0,0,0,1,0,0
1162.0,8.0,2020,12.0,0,1162.0,33.464999999999996,0,0,0,1,1,0,0,0,0,1,1,0,1,0,0,0,1,0,0,0,1,0,0,1,0,0,0,1,0,0,0,1,0,0,0,0,1,0
unknown,9.0,2020,14.0,1,unknown,unknown,1,0,0,0,0,0,1,0,0,1,1,0,1,0,0,1,0,0,0,0,1,0,0,1,0,1,0,0,0,1,0,0,0,0,0,1,0,0
unknown,11.0,2020,16.0,1,unknown,unknown,0,0,1,0,0,0,1,0,0,1,1,0,0,1,0,0,1,0,0,0,1,0,0,1,0,0,0,1,0,0,0,1,0,0,0,1,0,0
unknown,9.0,2020,16.0,1,unknown,unknown,1,0,0,0,0,0,1,0,0,1,1,0,1,0,0,0,1,0,0,0,1,0,0,1,0,0,0,1,0,1,0,0,0,0,1,0,0,0
unknown,10.0,2020,15.0,1,unknown,unknown,1,0,0,0,0,0,1,0,0,1,1,0,1,0,0,0,1,0,0,0,1,0,0,1,0,0,0,1,0,0,0,1,0,0,0,1,0,0
unknown,9.0,2020,15.0,1,unknown,unknown,1,0,0,0,0,0,1,0,0,1,0,1,1,0,0,0,1,0,0,0,1,0,0,1,0,0,0,1,0,1,0,0,0,0,0,1,0,0
unknown,9.0,2020,16.0,1,unknown,unknown,1,0,0,0,0,0,1,0,1,0,1,0,1,0,0,0,1,0,0,0,1,0,0,1,0,0,0,1,0,1,0,0,0,0,1,0,0,0
unknown,9.0,2020,13.0,1,unknown,unknown,1,0,0,0,0,0,1,0,0,1,1,0,1,0,0,0,1,0,0,0,1,0,0,1,0,0,0,1,0,0,0,1,0,1,0,0,0,0
unknown,10.0,2020,16.0,1,unknown,unknown,0,1,0,0,0,0,1,0,0,1,1,0,1,0,0,1,0,0,0,0,1,0,0,1,0,0,0,1,0,0,0,1,0,1,0,0,0,0
unknown,11.0,2020,17.0,1,unknown,unknown,0,1,0,0,0,0,1,0,0,1,1,0,1,0,0,1,0,0,0,0,1,0,0,1,0,0,0,1,0,0,0,1,0,0,1,0,0,0
unknown,9.0,2020,14.0,1,unknown,unknown,1,0,0,0,0,0,1,0,0,1,1,0,1,0,0,0,1,0,0,0,1,0,0,1,0,0,0,1,0,0,0,1,0,0,1,0,0,0
unknown,9.0,2020,16.0,1,unknown,unknown,0,1,0,0,0,0,1,0,0,1,1,0,1,0,0,0,1,0,1,0,0,0,0,1,0,0,0,1,0,0,0,1,0,0,1,0,0,0
unknown,10.0,2020,16.0,1,unknown,unknown,1,0,0,0,0,0,1,0,0,1,1,0,1,0,0,1,0,0,0,0,1,0,0,1,0,0,0,1,0,0,0,1,0,0,1,0,0,0
unknown,10.0,2020,16.0,1,unknown,unknown,0,1,0,0,0,0,1,0,0,1,1,0,1,0,0,0,1,0,0,0,0,1,0,1,0,0,0,1,0,0,0,1,0,0,0,1,0,0
unknown,9.0,2020,15.0,1,unknown,unknown,1,0,0,0,0,0,1,0,1,0,0,1,1,0,0,1,0,0,1,0,0,0,0,1,0,0,0,1,0,0,0,1,0,0,0,1,0,0
unknown,9.0,2020,15.0,1,unknown,unknown,1,0,0,0,0,0,1,0,0,1,1,0,1,0,0,1,0,0,1,0,0,0,0,1,0,0,0,1,0,0,0,1,0,0,0,1,0,0
unknown,11.0,2020,17.0,1,unknown,unknown,0,1,0,0,0,0,1,0,0,1,1,0,1,0,0,1,0,0,0,0,1,0,0,1,0,0,0,1,0,0,0,1,0,0,0,1,0,0
1164.0,9.0,2020,15.0,0,1164.0,76.84636363636365,0,1,0,0,0,0,1,0,0,1,0,1,0,1,0,1,0,0,0,0,1,0,0,1,0,0,0,1,0,0,0,1,0,0,0,1,0,0
unknown,11.0,2020,17.0,1,unknown,unknown,0,1,0,0,0,0,1,0,1,0,1,0,1,0,0,0,1,0,0,0,1,0,0,1,0,0,0,1,0,0,0,1,0,0,1,0,0,0
unknown,10.0,2020,16.0,1,unknown,unknown,0,1,0,0,0,0,1,0,0,1,0,1,1,0,0,0,1,0,0,0,0,1,0,1,0,0,0,1,0,0,0,1,0,0,1,0,0,0
unknown,12.0,2020,17.0,1,unknown,unknown,0,1,0,0,0,0,1,0,1,0,0,1,1,0,0,0,1,0,1,0,0,0,0,1,0,0,0,1,0,0,0,1,0,0,1,0,0,0
unknown,8.0,2020,14.0,1,unknown,unknown,1,0,0,0,0,0,1,0,0,1,1,0,1,0,0,0,1,0,0,0,1,0,0,1,0,1,0,0,0,0,0,1,0,0,0,0,1,0
unknown,9.0,2020,15.0,1,unknown,unknown,1,0,0,0,0,0,1,0,0,1,0,1,1,0,0,0,1,0,0,0,1,0,0,1,0,0,0,1,0,0,0,1,0,0,0,1,0,0
unknown,9.0,2020,15.0,1,unknown,unknown,1,0,0,0,0,0,1,0,0,1,0,1,1,0,0,1,0,0,0,1,0,0,0,1,0,0,0,1,0,0,0,1,0,0,0,1,0,0
unknown,9.0,2020,14.0,1,unknown,unknown,0,1,0,0,0,0,1,0,1,0,1,0,1,0,0,0,1,0,1,0,0,0,0,1,0,0,0,1,0,0,0,1,0,0,1,0,0,0
1161.0,10.0,2020,15.0,0,1161.0,36.94555555555556,1,0,0,0,0,0,1,0,0,1,1,0,1,0,0,0,1,0,1,0,0,0,0,1,0,0,0,1,0,0,0,1,0,0,1,0,0,0
unknown,9.0,2020,15.0,1,unknown,unknown,1,0,0,0,0,0,1,0,0,1,1,0,1,0,0,0,1,0,1,0,0,0,0,1,0,0,0,1,0,0,0,1,0,0,0,1,0,0
1165.0,10.0,2020,15.0,0,1165.0,20.95375,0,1,0,0,0,0,1,0,0,1,1,0,1,0,0,1,0,0,0,0,1,0,0,1,0,0,0,1,0,0,0,1,0,0,0,1,0,0
unknown,10.0,2020,15.0,1,unknown,unknown,1,0,0,0,0,0,1,0,1,0,1,0,1,0,0,1,0,0,0,0,1,0,0,1,0,0,0,1,0,0,0,1,0,0,0,1,0,0
unknown,10.0,2020,15.0,1,unknown,unknown,1,0,0,0,0,0,1,0,0,1,0,1,1,0,0,1,0,0,0,0,0,1,0,1,0,0,0,1,0,0,0,1,0,0,0,1,0,0
unknown,11.0,2020,17.0,1,unknown,unknown,1,0,0,0,0,0,1,0,0,1,1,0,1,0,0,0,1,0,1,0,0,0,0,1,0,0,0,1,0,0,0,1,0,0,0,1,0,0
unknown,9.0,2020,15.0,1,unknown,unknown,1,0,0,0,0,0,1,0,0,1,1,0,1,0,0,0,1,0,0,0,1,0,0,1,0,0,0,1,0,0,0,1,0,0,0,1,0,0
unknown,9.0,2020,15.0,1,unknown,unknown,0,1,0,0,0,0,1,0,1,0,0,1,1,0,0,1,0,0,0,0,1,0,0,1,0,0,0,1,0,0,0,1,0,1,0,0,0,0
unknown,11.0,2020,16.0,1,unknown,unknown,0,1,0,0,0,0,1,0,0,1,1,0,1,0,0,0,1,0,0,0,1,0,0,1,0,0,0,1,0,1,0,0,0,0,0,1,0,0
unknown,10.0,2020,16.0,1,unknown,unknown,0,1,0,0,0,0,1,0,0,1,1,0,1,0,0,0,1,0,0,0,1,0,0,1,0,0,0,1,0,0,0,1,0,0,0,1,0,0
unknown,9.0,2020,15.0,1,unknown,unknown,1,0,0,0,0,0,1,0,0,1,1,0,1,0,0,0,1,0,0,0,0,1,0,1,0,0,0,1,0,0,0,1,0,1,0,0,0,0
unknown,10.0,2020,15.0,1,unknown,unknown,1,0,0,0,0,0,1,0,0,1,1,0,1,0,0,0,1,0,0,1,0,0,0,1,0,0,0,1,0,0,0,1,0,0,0,1,0,0
unknown,10.0,2020,16.0,1,unknown,unknown,1,0,0,0,0,0,1,0,0,1,0,1,1,0,0,0,1,0,1,0,0,0,0,1,0,0,0,1,0,0,0,1,0,1,0,0,0,0
unknown,10.0,2020,16.0,1,unknown,unknown,1,0,0,0,0,0,1,0,0,1,0,1,1,0,0,1,0,0,1,0,0,0,0,1,0,0,0,1,0,0,0,1,0,0,0,1,0,0
unknown,10.0,2020,16.0,1,unknown,unknown,1,0,0,0,0,0,1,0,0,1,1,0,1,0,0,1,0,0,1,0,0,0,0,1,0,0,0,1,0,1,0,0,0,0,0,1,0,0
unknown,9.0,2020,15.0,1,unknown,unknown,1,0,0,0,0,0,1,0,0,1,1,0,1,0,0,1,0,0,0,0,1,0,0,1,0,0,0,1,0,0,0,1,0,0,0,1,0,0
unknown,8.0,2020,14.0,1,unknown,unknown,1,0,0,0,0,0,1,0,0,1,1,0,1,0,0,1,0,0,0,0,1,0,0,1,0,1,0,0,0,1,0,0,0,1,0,0,0,0
unknown,9.0,2020,14.0,1,unknown,unknown,1,0,0,0,0,0,1,0,0,1,1,0,1,0,0,1,0,0,0,0,1,0,0,1,0,0,0,1,0,0,0,1,0,0,0,1,0,0
unknown,11.0,2020,17.0,1,unknown,unknown,1,0,0,0,0,0,1,0,1,0,1,0,0,1,0,0,1,0,1,0,0,0,0,1,0,0,0,1,0,0,0,1,0,0,0,1,0,0
unknown,9.0,2020,14.0,1,unknown,unknown,0,1,0,0,0,0,1,0,0,1,1,0,1,0,0,0,1,0,0,0,1,0,0,1,0,0,0,1,0,0,0,1,0,0,0,1,0,0
unknown,9.0,2020,14.0,1,unknown,unknown,1,0,0,0,0,0,1,0,0,1,0,1,1,0,0,0,1,0,1,0,0,0,0,1,0,0,0,1,0,0,0,1,0,1,0,0,0,0
unknown,9.0,2020,14.0,1,unknown,unknown,0,1,0,0,0,0,0,1,1,0,1,0,1,0,0,1,0,0,0,0,1,0,0,1,0,0,0,1,0,0,0,1,0,0,1,0,0,0
unknown,8.0,2020,13.0,1,unknown,unknown,0,1,0,0,0,0,1,0,0,1,1,0,1,0,0,0,1,0,0,0,1,0,0,1,0,0,0,1,0,0,0,1,0,1,0,0,0,0
unknown,9.0,2020,14.0,1,unknown,unknown,1,0,0,0,0,0,1,0,0,1,0,1,1,0,0,1,0,0,0,0,1,0,0,1,0,0,0,1,0,0,0,1,0,0,0,1,0,0
unknown,10.0,2020,15.0,1,unknown,unknown,1,0,0,0,0,0,1,0,0,1,0,1,1,0,0,1,0,0,1,0,0,0,0,1,0,0,0,1,0,0,0,1,0,1,0,0,0,0
unknown,10.0,2020,15.0,1,unknown,unknown,1,0,0,0,0,0,1,0,0,1,1,0,1,0,0,0,1,0,1,0,0,0,0,1,0,0,0,1,0,0,0,1,0,0,0,1,0,0
unknown,11.0,2020,17.0,1,unknown,unknown,0,0,1,0,0,0,1,0,0,1,1,0,1,0,0,0,1,0,1,0,0,0,0,1,0,0,0,1,0,0,0,1,0,0,0,1,0,0
unknown,10.0,2020,15.0,1,unknown,unknown,1,0,0,0,0,0,1,0,1,0,0,1,1,0,0,1,0,0,1,0,0,0,0,1,0,0,0,1,0,0,0,1,0,0,0,1,0,0
1164.0,9.0,2020,15.0,0,1164.0,76.84636363636365,0,1,0,0,0,0,1,0,0,1,1,0,1,0,0,1,0,0,0,0,1,0,0,1,0,0,0,1,0,0,0,1,0,0,0,1,0,0
unknown,10.0,2020,16.0,1,unknown,unknown,0,1,0,0,0,0,1,0,1,0,1,0,1,0,0,0,1,0,1,0,0,0,0,1,0,1,0,0,0,0,0,1,0,0,0,1,0,0
unknown,9.0,2020,14.0,1,unknown,unknown,1,0,0,0,0,0,1,0,0,1,1,0,1,0,0,0,1,0,1,0,0,0,0,1,0,0,0,1,0,0,0,1,0,0,0,1,0,0
unknown,10.0,2020,15.0,1,unknown,unknown,1,0,0,0,0,0,1,0,0,1,0,1,1,0,0,0,1,0,0,1,0,0,0,1,0,0,0,1,0,0,0,1,0,0,0,1,0,0
unknown,10.0,2020,16.0,1,unknown,unknown,1,0,0,0,0,0,1,0,0,1,1,0,1,0,0,1,0,0,0,0,1,0,0,1,0,0,0,1,0,0,0,1,0,0,0,1,0,0
unknown,11.0,2020,17.0,1,unknown,unknown,1,0,0,0,0,0,1,0,0,1,0,1,1,0,0,0,1,0,0,0,0,1,0,1,0,0,0,1,0,0,0,1,0,0,0,1,0,0
unknown,11.0,2020,16.0,1,unknown,unknown,1,0,0,0,0,0,1,0,0,1,0,1,1,0,0,0,1,0,0,0,1,0,0,1,0,0,0,1,0,0,0,1,0,0,0,1,0,0
unknown,10.0,2020,15.0,1,unknown,unknown,1,0,0,0,0,0,1,0,0,1,0,1,1,0,0,1,0,0,1,0,0,0,0,1,0,0,0,1,0,0,0,1,0,0,0,1,0,0
unknown,11.0,2020,16.0,1,unknown,unknown,1,0,0,0,0,0,1,0,1,0,1,0,1,0,0,1,0,0,1,0,0,0,0,1,0,0,0,1,0,0,0,1,0,0,0,1,0,0
unknown,9.0,2020,15.0,1,unknown,unknown,0,1,0,0,0,0,1,0,0,1,0,1,1,0,0,0,1,0,0,0,1,0,0,1,0,0,0,1,0,0,0,1,0,0,0,1,0,0
unknown,10.0,2020,15.0,1,unknown,unknown,0,1,0,0,0,0,1,0,0,1,1,0,1,0,0,1,0,0,0,0,1,0,0,1,0,0,0,1,0,0,0,1,0,0,0,1,0,0
unknown,10.0,2020,15.0,1,unknown,unknown,1,0,0,0,0,0,1,0,0,1,1,0,1,0,0,0,1,0,0,0,1,0,0,1,0,1,0,0,0,1,0,0,0,0,0,1,0,0
unknown,10.0,2020,16.0,1,unknown,unknown,0,1,0,0,0,0,1,0,0,1,1,0,1,0,0,1,0,0,0,1,0,0,0,1,0,1,0,0,0,0,0,1,0,0,0,1,0,0
unknown,10.0,2020,15.0,1,unknown,unknown,1,0,0,0,0,0,1,0,0,1,1,0,1,0,0,1,0,1,0,0,0,0,0,1,0,0,0,1,0,0,0,1,0,1,0,0,0,0
unknown,10.0,2020,16.0,1,unknown,unknown,1,0,0,0,0,0,1,0,0,1,0,1,1,0,0,1,0,0,0,1,0,0,0,1,0,0,0,1,0,0,0,1,0,0,1,0,0,0
unknown,10.0,2020,16.0,1,unknown,unknown,0,1,0,0,0,0,1,0,1,0,1,0,1,0,0,1,0,0,0,0,1,0,0,1,0,1,0,0,0,0,0,1,0,0,0,1,0,0
unknown,11.0,2020,16.0,1,unknown,unknown,1,0,0,0,0,0,1,0,0,1,1,0,1,0,0,0,1,1,0,0,0,0,0,1,0,0,0,1,0,0,0,1,0,0,0,1,0,0
unknown,9.0,2020,15.0,1,unknown,unknown,1,0,0,0,0,0,1,0,0,1,1,0,1,0,0,1,0,0,1,0,0,0,0,1,0,0,0,1,0,0,0,1,0,1,0,0,0,0
unknown,8.0,2020,13.0,1,unknown,unknown,0,1,0,0,0,0,1,0,0,1,1,0,1,0,0,1,0,0,1,0,0,0,0,1,0,0,0,1,0,0,0,1,0,0,1,0,0,0
unknown,11.0,2020,16.0,1,unknown,unknown,1,0,0,0,0,0,1,0,1,0,0,1,1,0,0,1,0,0,0,0,1,0,0,1,0,0,0,1,0,0,0,1,0,1,0,0,0,0
unknown,10.0,2020,16.0,1,unknown,unknown,1,0,0,0,0,0,1,0,1,0,1,0,1,0,0,0,1,0,1,0,0,0,0,1,0,0,0,1,0,0,0,1,0,1,0,0,0,0
unknown,9.0,2020,14.0,1,unknown,unknown,1,0,0,0,0,0,1,0,0,1,0,1,0,1,0,0,1,0,1,0,0,0,0,1,0,0,0,1,0,0,0,1,0,0,1,0,0,0
unknown,8.0,2020,14.0,1,unknown,unknown,0,1,0,0,0,0,1,0,0,1,0,1,1,0,0,0,1,0,0,0,0,1,0,1,0,0,0,1,0,1,0,0,0,0,0,1,0,0
unknown,9.0,2020,14.0,1,unknown,unknown,1,0,0,0,0,0,1,0,0,1,1,0,1,0,0,0,1,0,0,0,0,1,0,1,0,0,0,1,0,0,0,1,0,1,0,0,0,0
unknown,10.0,2020,16.0,1,unknown,unknown,1,0,0,0,0,0,1,0,1,0,1,0,1,0,0,0,1,0,1,0,0,0,0,1,0,0,0,1,0,0,0,1,0,0,0,1,0,0
unknown,12.0,2020,18.0,1,unknown,unknown,1,0,0,0,0,0,1,0,0,1,0,1,1,0,0,0,1,0,0,0,1,0,0,1,0,0,0,1,0,0,0,1,0,0,1,0,0,0
unknown,9.0,2020,15.0,1,unknown,unknown,0,1,0,0,0,0,1,0,0,1,1,0,1,0,0,0,1,0,0,0,1,0,0,1,0,0,0,1,0,0,0,1,0,0,0,0,1,0
unknown,10.0,2020,16.0,1,unknown,unknown,1,0,0,0,0,0,1,0,1,0,1,0,1,0,0,1,0,0,0,0,1,0,0,1,0,0,0,1,0,0,0,1,0,0,0,1,0,0
unknown,10.0,2020,16.0,1,unknown,unknown,0,1,0,0,0,0,1,0,0,1,1,0,1,0,0,1,0,0,0,0,1,0,0,1,0,0,0,1,0,0,0,1,0,0,0,0,1,0
unknown,10.0,2020,16.0,1,unknown,unknown,1,0,0,0,0,0,1,0,0,1,1,0,1,0,0,1,0,0,1,0,0,0,0,1,0,0,0,1,0,0,0,1,0,1,0,0,0,0
unknown,9.0,2020,15.0,1,unknown,unknown,0,1,0,0,0,0,1,0,0,1,1,0,1,0,0,0,1,0,0,0,1,0,0,1,0,0,0,1,0,0,0,1,0,1,0,0,0,0
unknown,11.0,2020,17.0,1,unknown,unknown,0,0,0,1,0,0,1,0,1,0,1,0,1,0,0,0,1,0,0,0,1,0,0,1,0,0,0,1,0,0,0,1,0,0,0,1,0,0
unknown,11.0,2020,17.0,1,unknown,unknown,0,1,0,0,0,0,1,0,1,0,1,0,1,0,0,0,1,0,0,0,0,1,0,1,0,0,0,1,0,0,0,1,0,0,0,1,0,0
unknown,10.0,2020,16.0,1,unknown,unknown,1,0,0,0,0,0,1,0,0,1,0,1,0,1,0,1,0,0,1,0,0,0,0,1,0,1,0,0,0,0,0,1,0,1,0,0,0,0
unknown,12.0,2020,18.0,1,unknown,unknown,0,1,0,0,0,0,1,0,1,0,1,0,1,0,0,0,1,0,0,0,1,0,0,1,0,0,0,1,0,0,0,1,0,0,0,1,0,0
unknown,11.0,2020,17.0,1,unknown,unknown,1,0,0,0,0,0,1,0,0,1,1,0,1,0,0,0,1,0,0,0,1,0,0,1,0,1,0,0,0,0,0,1,0,1,0,0,0,0
unknown,9.0,2020,15.0,1,unknown,unknown,1,0,0,0,0,0,1,0,0,1,1,0,1,0,0,0,1,0,0,0,0,1,0,1,0,0,0,1,0,0,0,1,0,0,1,0,0,0
unknown,10.0,2020,16.0,1,unknown,unknown,1,0,0,0,0,0,1,0,0,1,1,0,1,0,0,0,1,0,1,0,0,0,0,1,0,0,0,1,0,0,0,1,0,0,0,1,0,0
unknown,12.0,2020,18.0,1,unknown,unknown,0,1,0,0,0,0,1,0,1,0,1,0,1,0,0,0,1,0,1,0,0,0,0,1,0,0,0,1,0,0,0,1,0,1,0,0,0,0
unknown,11.0,2020,16.0,1,unknown,unknown,1,0,0,0,0,0,1,0,0,1,1,0,1,0,0,1,0,0,1,0,0,0,0,1,0,0,0,1,0,1,0,0,0,1,0,0,0,0
unknown,9.0,2020,14.0,1,unknown,unknown,1,0,0,0,0,0,1,0,0,1,0,1,1,0,0,1,0,1,0,0,0,0,0,1,0,0,0,1,0,0,0,1,0,1,0,0,0,0
1163.0,10.0,2020,16.0,0,1163.0,44.669999999999995,0,1,0,0,0,0,1,0,0,1,0,1,0,1,0,1,0,0,1,0,0,0,0,1,0,0,0,1,0,0,0,1,0,1,0,0,0,0
unknown,11.0,2020,17.0,1,unknown,unknown,1,0,0,0,0,0,1,0,0,1,1,0,1,0,0,1,0,0,0,0,1,0,0,1,0,0,0,1,0,0,0,1,0,1,0,0,0,0
unknown,10.0,2020,15.0,1,unknown,unknown,1,0,0,0,0,0,1,0,0,1,0,1,1,0,0,0,1,0,0,0,1,0,0,1,0,0,0,1,0,0,0,1,0,0,0,1,0,0
unknown,12.0,2020,17.0,1,unknown,unknown,1,0,0,0,0,0,1,0,1,0,1,0,1,0,0,0,1,0,0,0,1,0,0,1,0,0,0,1,0,0,0,1,0,0,0,1,0,0
unknown,10.0,2020,15.0,1,unknown,unknown,1,0,0,0,0,0,1,0,0,1,1,0,0,1,0,1,0,0,1,0,0,0,0,1,0,0,0,1,0,0,0,1,0,0,1,0,0,0
unknown,10.0,2020,15.0,1,unknown,unknown,0,1,0,0,0,0,1,0,0,1,1,0,1,0,0,1,0,0,0,0,1,0,0,1,0,0,0,1,0,0,0,1,0,1,0,0,0,0
unknown,10.0,2020,15.0,1,unknown,unknown,1,0,0,0,0,0,1,0,0,1,1,0,1,0,0,1,0,0,0,0,1,0,0,1,0,0,0,1,0,0,0,1,0,1,0,0,0,0
unknown,9.0,2020,15.0,1,unknown,unknown,1,0,0,0,0,0,1,0,0,1,0,1,1,0,0,1,0,0,0,0,1,0,0,1,0,0,0,1,0,0,0,1,0,1,0,0,0,0
unknown,11.0,2020,16.0,1,unknown,unknown,1,0,0,0,0,0,1,0,0,1,1,0,1,0,0,0,1,0,0,0,0,1,0,1,0,0,0,1,0,1,0,0,0,0,0,1,0,0
unknown,10.0,2020,15.0,1,unknown,unknown,1,0,0,0,0,0,1,0,0,1,1,0,1,0,0,0,1,0,1,0,0,0,0,1,0,0,0,1,0,1,0,0,0,0,0,1,0,0
unknown,10.0,2020,16.0,1,unknown,unknown,1,0,0,0,0,0,1,0,0,1,1,0,1,0,0,0,1,0,0,0,1,0,0,1,0,1,0,0,0,0,0,1,0,0,0,1,0,0
unknown,11.0,2020,17.0,1,unknown,unknown,0,1,0,0,0,0,0,1,0,1,1,0,1,0,0,1,0,0,0,0,1,0,0,1,0,0,0,1,0,0,0,1,0,0,0,1,0,0
unknown,11.0,2020,16.0,1,unknown,unknown,1,0,0,0,0,0,1,0,1,0,1,0,1,0,0,1,0,0,0,0,1,0,0,1,0,0,0,1,0,0,0,1,0,0,0,1,0,0
unknown,11.0,2020,17.0,1,unknown,unknown,0,1,0,0,0,0,1,0,0,1,1,0,1,0,0,0,1,0,0,0,1,0,0,1,0,0,0,1,0,0,0,1,0,0,0,1,0,0
unknown,11.0,2020,17.0,1,unknown,unknown,1,0,0,0,0,0,1,0,0,1,0,1,0,1,0,0,1,0,0,0,1,0,0,1,0,0,0,1,0,0,0,1,0,1,0,0,0,0
unknown,11.0,2020,17.0,1,unknown,unknown,0,1,0,0,0,0,1,0,1,0,1,0,1,0,0,0,1,0,0,0,1,0,0,1,0,0,0,1,0,0,0,1,0,0,0,1,0,0
unknown,9.0,2020,15.0,1,unknown,unknown,0,1,0,0,0,0,1,0,0,1,1,0,1,0,0,0,1,0,0,0,1,0,0,1,0,0,0,1,0,0,0,1,0,0,0,1,0,0
unknown,8.0,2020,13.0,1,unknown,unknown,1,0,0,0,0,0,1,0,0,1,0,1,1,0,0,0,1,1,0,0,0,0,0,1,0,0,0,1,0,0,0,1,0,1,0,0,0,0
unknown,9.0,2020,15.0,1,unknown,unknown,0,1,0,0,0,0,1,0,0,1,0,1,0,1,0,1,0,0,1,0,0,0,0,1,0,0,0,1,0,0,0,1,0,1,0,0,0,0
unknown,9.0,2020,15.0,1,unknown,unknown,1,0,0,0,0,0,1,0,0,1,0,1,0,1,0,0,1,0,1,0,0,0,0,1,0,0,0,1,0,0,0,1,0,1,0,0,0,0
unknown,10.0,2020,16.0,1,unknown,unknown,0,1,0,0,0,0,1,0,0,1,1,0,1,0,0,0,1,0,1,0,0,0,0,1,0,0,0,1,0,0,0,1,0,0,1,0,0,0
unknown,9.0,2020,15.0,1,unknown,unknown,0,1,0,0,0,0,1,0,0,1,0,1,0,1,0,0,1,0,1,0,0,0,0,1,0,0,0,1,0,0,0,1,0,0,1,0,0,0
unknown,10.0,2020,15.0,1,unknown,unknown,1,0,0,0,0,0,1,0,0,1,1,0,1,0,0,0,1,0,0,0,0,1,0,1,0,0,0,1,0,0,0,1,0,0,0,0,1,0
unknown,8.0,2020,14.0,1,unknown,unknown,0,1,0,0,0,0,1,0,0,1,1,0,1,0,0,0,1,0,0,0,1,0,0,1,0,0,0,1,0,0,0,1,0,0,1,0,0,0
1154.0,9.0,2020,14.0,0,1154.0,24.831666666666667,0,1,0,0,0,0,1,0,1,0,0,1,1,0,0,1,0,0,0,0,0,1,0,1,0,0,0,1,0,0,0,1,0,1,0,0,0,0
unknown,10.0,2020,16.0,1,unknown,unknown,1,0,0,0,0,0,1,0,1,0,0,1,1,0,0,1,0,0,0,0,1,0,0,1,0,0,0,1,0,0,0,1,0,0,1,0,0,0
unknown,10.0,2020,17.0,1,unknown,unknown,1,0,0,0,0,0,1,0,0,1,0,1,1,0,0,0,1,0,0,0,1,0,0,1,0,0,0,1,0,0,0,1,0,1,0,0,0,0
1177.0,9.0,2020,14.0,0,1177.0,26.326153846153847,1,0,0,0,0,0,1,0,0,1,0,1,1,0,0,0,1,0,0,0,0,1,0,1,0,0,0,1,0,0,0,1,0,1,0,0,0,0
unknown,9.0,2020,15.0,1,unknown,unknown,1,0,0,0,0,0,1,0,0,1,0,1,1,0,0,0,1,0,1,0,0,0,0,1,0,0,0,1,0,0,0,1,0,1,0,0,0,0
unknown,10.0,2020,15.0,1,unknown,unknown,1,0,0,0,0,0,1,0,0,1,1,0,0,1,0,1,0,0,0,0,1,0,0,1,0,0,0,1,0,0,0,1,0,0,1,0,0,0
1158.0,9.0,2020,14.0,0,1158.0,37.4092,1,0,0,0,0,0,1,0,0,1,1,0,1,0,0,0,1,0,0,0,1,0,0,1,0,0,0,1,0,0,0,1,0,0,1,0,0,0
unknown,9.0,2020,14.0,1,unknown,unknown,1,0,0,0,0,0,1,0,0,1,1,0,1,0,0,0,1,0,1,0,0,0,0,1,0,0,0,1,0,0,0,1,0,0,1,0,0,0
unknown,11.0,2020,17.0,1,unknown,unknown,1,0,0,0,0,0,1,0,1,0,1,0,1,0,0,1,0,0,0,0,1,0,0,1,0,1,0,0,0,0,0,1,0,0,1,0,0,0
unknown,11.0,2020,16.0,1,unknown,unknown,1,0,0,0,0,0,1,0,1,0,0,1,1,0,0,0,1,0,0,0,0,1,0,1,0,0,0,1,0,0,0,1,0,0,0,1,0,0
unknown,10.0,2020,15.0,1,unknown,unknown,0,1,0,0,0,0,1,0,0,1,1,0,1,0,0,1,0,0,0,0,1,0,0,1,0,0,0,1,0,0,0,1,0,0,1,0,0,0
unknown,10.0,2020,15.0,1,unknown,unknown,1,0,0,0,0,0,1,0,0,1,1,0,1,0,0,1,0,0,1,0,0,0,0,1,0,1,0,0,0,0,0,1,0,0,0,1,0,0
unknown,10.0,2020,15.0,1,unknown,unknown,1,0,0,0,0,0,1,0,0,1,0,1,1,0,0,0,1,0,1,0,0,0,0,1,0,0,0,1,0,0,0,1,0,0,0,1,0,0
unknown,10.0,2020,16.0,1,unknown,unknown,0,1,0,0,0,0,1,0,1,0,1,0,1,0,0,0,1,0,0,0,1,0,0,1,0,0,0,1,0,0,0,1,0,0,0,1,0,0
